accession_number;ksmbr_number
accession_number;ksmbr_number
A0A2C9CF22;KSMBR1_1813
A0A2C9CD82;KSMBR1_0167
Q1PYS7;KSMBR1_1285
Q1Q0S2;KSMBR1_3594
Q1Q0S1;KSMBR1_3595
Q1PZ78;KSMBR1_1406
A0A2C9CIX7;KSMBR1_3045
A0A2C9CCF3;KSMBR1_0953
Q1Q0V3;KSMBR1_2725
Q1Q262;KSMBR1_0792
Q1PYH5;KSMBR1_1177
Q1Q2X6;KSMBR1_3472
A0A2C9CKB7;KSMBR1_3647
Q1Q198;KSMBR1_1104
Q1Q0Q1;KSMBR1_0025
A0A2C9CHT4;KSMBR1_2754
A0A2C9CJD6;KSMBR1_3278
A0A2C9CEQ6;KSMBR1_1683
Q1Q0X7;KSMBR1_2755
Q1Q629;KSMBR1_3277
A0A2C9CKX9;KSMBR1_3760
Q1Q0Q0;KSMBR1_0024
A0A2C9CFM3;KSMBR1_2202
Q1PYY8;KSMBR1_1326
A0A2C9CIE3;KSMBR1_2887
A0A2C9CKW7;KSMBR1_3765
Q1PYY9;KSMBR1_1325
A0A2C9CDH8;KSMBR1_1323
Q1Q176;KSMBR1_2839
Q1PYX6;KSMBR1_1320
Q1PYX7;KSMBR1_1319
Q1PYX5;KSMBR1_1321
Q1Q2X0;KSMBR1_3464
A0A2C9CE19;KSMBR1_1515
A0A2C9CG39;KSMBR1_2371
Q1Q1J4;KSMBR1_0996
A0A2C9CCQ2;KSMBR1_0847
Q1Q2Z1;KSMBR1_0080
Q1PY10;KSMBR1_1900
A0A2C9CK88;KSMBR1_3499
Q1PWV1;KSMBR1_2588
Q1Q156;KSMBR1_2825
Q1PUP9;KSMBR1_3208
Q1PYI8;KSMBR1_1172
A0A2C9CKX4;KSMBR1_3827
Q1Q6B2;KSMBR1_3337
Q1Q267;KSMBR1_0797
A0A2C9CJN7;KSMBR1_3380
A0A2C9CKV4;KSMBR1_3828
Q1PX09;KSMBR1_2627
Q1PX06;KSMBR1_2630
Q1PX03;KSMBR1_2632
A0A2C9CJU7;KSMBR1_3716
A0A2C9CKL7;KSMBR1_3722
A0A2C9CK98;KSMBR1_3866
Q1PV65;KSMBR1_2086
A0A2C9CC10;KSMBR1_0599
Q1Q5N2;KSMBR1_3807
A0A2C9CGY3;KSMBR1_2459
Q1Q6M7;KSMBR1_3449
Q1Q1J1;KSMBR1_1005
Q1Q355;KSMBR1_3875
Q1Q338;KSMBR1_3876
Q1PZV6;KSMBR1_1623
A0A2C9CDF7;KSMBR1_1399
A0A2C9CKP1;KSMBR1_2876
A0A2C9CID2;KSMBR1_2877
A0A2C9CHI2;KSMBR1_2878
Q1Q1A9;KSMBR1_1083
A0A2C9CL08;KSMBR1_3805
Q1PZS8;KSMBR1_1596
Q1Q3W3;KSMBR1_3550
A0A2C9CCF8;KSMBR1_0871
A0A2C9CFJ6;KSMBR1_1962
A0A2C9CGE8;KSMBR1_2319
Q1Q2L4;KSMBR1_0661
Q1Q1N0;KSMBR1_0967
Q1Q631;KSMBR1_3276
Q1Q3V0;KSMBR1_3545
Q1Q5S6;KSMBR1_3764
A0A2C9CG73;KSMBR1_2249
A0A2C9CHW3;KSMBR1_2784
A0A2C9CK66;KSMBR1_3639
A0A2C9CE52;KSMBR1_1358
Q1Q0M2;KSMBR1_3640
A0A2C9CDQ9;KSMBR1_1510
Q1Q0Q4;KSMBR1_0015
A0A2C9CHQ6;KSMBR1_2651
A0A2C9CBS9;KSMBR1_0648
A0A2C9CCG1;KSMBR1_0885
Q1PY21;KSMBR1_1906
Q1PXR8;KSMBR1_1817
Q1PV12;KSMBR1_2029
A0A2C9CEX5;KSMBR1_1737
A0A2C9CGZ2;KSMBR1_2380
A0A2C9CI21;KSMBR1_2855
A0A2C9CHS2;KSMBR1_2970
A0A2C9CEZ2;KSMBR1_1835
A0A2C9CK51;KSMBR1_3671
Q1Q5M8;KSMBR1_3802
A0A2C9CHP4;KSMBR1_2938
Q1Q500;KSMBR1_0301
Q1PYK0;KSMBR1_1149
Q1PZ68;KSMBR1_1400
Q1PXP1;KSMBR1_2998
Q1Q0T6;KSMBR1_3599
A0A2C9CKE2;KSMBR1_3719
A0A2C9CD11;KSMBR1_1077
A0A2C9CEW1;KSMBR1_1805
A0A2C9CFQ9;KSMBR1_1904
A0A2C9CFW8;KSMBR1_2079
Q1Q0V6;KSMBR1_2722
Q1Q671;KSMBR1_3314
A0A2C9CD73;KSMBR1_1148
A0A2C9CDL7;KSMBR1_1354
A0A2C9CJC9;KSMBR1_3313
A0A2C9CJ97;KSMBR1_3315
A0A2C9CAQ2;KSMBR1_0123
Q1Q3P5;KSMBR1_3507
Q1Q5R9;KSMBR1_3771
A0A2C9CGD6;KSMBR1_2256
A0A2C9CJT2;KSMBR1_3508
Q1Q3F7;KSMBR1_0128
Q1Q5S2;KSMBR1_3774
A0A2C9CGL5;KSMBR1_2253
Q1Q3G9;KSMBR1_0120
Q1PVR6;KSMBR1_2251
Q1Q5Q7;KSMBR1_3777
Q1Q3H0;KSMBR1_0121
A0A2C9CGG2;KSMBR1_2250
A0A2C9CKQ4;KSMBR1_3778
A0A2C9CD42;KSMBR1_0127
A0A2C9CJA0;KSMBR1_3505
Q1Q3F5;KSMBR1_0126
Q1PVR3;KSMBR1_2254
Q1Q5S1;KSMBR1_3773
A0A2C9CAF7;KSMBR1_0125
A0A2C9CKS1;KSMBR1_3772
A0A2C9CAA8;KSMBR1_0122
Q1PVS9;KSMBR1_2257
Q1Q5R8;KSMBR1_3770
A0A2C9CA50;KSMBR1_0124
A0A2C9CGD2;KSMBR1_2255
A0A2C9CG37;KSMBR1_2154
A0A2C9CD70;KSMBR1_1143
Q1PUL3;KSMBR1_3174
A0A2C9CBH0;KSMBR1_0397
A0A2C9CC81;KSMBR1_0744
A0A2C9CBU2;KSMBR1_0743
A0A2C9CCF0;KSMBR1_0742
Q1Q315;KSMBR1_0066
Q1Q5F8;KSMBR1_0230
Q1Q4L9;KSMBR1_0393
Q1Q6F4;KSMBR1_3382
A0A2C9CFN7;KSMBR1_2003
A0A2C9CB41;KSMBR1_0394
Q1Q6F5;KSMBR1_3381
Q1Q0F1;KSMBR1_1799
A0A2C9CFG4;KSMBR1_1932
Q1Q4U8;KSMBR1_0335
A0A2C9CHG0;KSMBR1_1688
Q1PUQ3;KSMBR1_3222
Q1PZ62;KSMBR1_1389
A0A2C9CE88;KSMBR1_0543
A0A2C9CCU9;KSMBR1_0897
A0A2C9CBV6;KSMBR1_0656
Q1Q2K7;KSMBR1_0655
A0A2C9CIY2;KSMBR1_3247
A0A2C9CF09;KSMBR1_1669
A0A2C9CA96;KSMBR1_0099
Q1Q102;KSMBR1_2758
Q1Q4C8;KSMBR1_0474
Q1Q103;KSMBR1_2757
Q1Q3I5;KSMBR1_0098
Q1Q4C6;KSMBR1_0473
A0A2C9CA56;KSMBR1_0060
Q1Q7H7;KSMBR1_3035
A0A2C9CGX6;KSMBR1_2318
A0A2C9CGT3;KSMBR1_2323
Q1PYL8;KSMBR1_1246
A0A2C9CBN7;KSMBR1_0608
Q1Q3S3;KSMBR1_3526
A0A2C9CJZ7;KSMBR1_3527
Q1Q393;KSMBR1_0202
Q1Q378;KSMBR1_0204
Q1Q392;KSMBR1_0201
Q1PYS3;KSMBR1_1287
Q1PVB4;KSMBR1_2142
Q1Q0Y1;KSMBR1_2752
Q1PXK5;KSMBR1_2964
Q1PZJ3;KSMBR1_1516
Q1Q0K2;KSMBR1_3623
Q1PVP4;KSMBR1_2238
A0A2C9CG34;KSMBR1_1205
A0A2C9CFA2;KSMBR1_1893
A0A2C9CKD5;KSMBR1_3667
Q1Q2U7;KSMBR1_0039 KSMBR1_0053 KSMBR1_0090 KSMBR1_0492 KSMBR1_0691 KSMBR1_1112 KSMBR1_1558 KSMBR1_2130 KSMBR1_3096 KSMBR1_3116 KSMBR1_3607 KSMBR1_3661 KSMBR1_3677 KSMBR1_3851 KSMBR1_3896
A0A2C9CIG6;KSMBR1_2982
Q1PXP9;KSMBR1_2989
Q1PZB9;KSMBR1_1440
Q1PXN6;KSMBR1_2986
Q1PXN7;KSMBR1_2985
A0A2C9CKZ8;KSMBR1_2988
Q1PYY0;KSMBR1_1317
A0A2C9CK09;KSMBR1_3517
Q1PXN9;KSMBR1_2983
Q1Q318;KSMBR1_0070
Q1Q518;KSMBR1_0269
Q1PYR1;KSMBR1_1260
Q1PZB8;KSMBR1_1441
Q1PXM5;KSMBR1_2979
Q1PXN5;KSMBR1_2987
Q1Q6L0;KSMBR1_3429
A0A2C9CB99;KSMBR1_0327
A0A2C9CB23;KSMBR1_0374
A0A2C9CFY0;KSMBR1_2157
Q1PYX1;KSMBR1_1324
Q1PWY3;KSMBR1_2618
Q1Q1E8;KSMBR1_1052
Q1PW15;KSMBR1_2354
Q1PWN7;KSMBR1_2525
Q1PZV9;KSMBR1_1620
A0A2C9CDP9;KSMBR1_1500
Q1Q625;KSMBR1_3281
A0A2C9CF90;KSMBR1_0896
A0A2C9CIG3;KSMBR1_2060
A0A2C9CFK1;KSMBR1_1994
Q1Q061;KSMBR1_1730
A0A2C9CBY9;KSMBR1_0688
A0A2C9CDJ6;KSMBR1_1155
A0A2C9CKP3;KSMBR1_3670
Q1PXP8;KSMBR1_2990
Q1Q375;KSMBR1_0203
A0A2C9CK32;KSMBR1_3532
A0A2C9CJU9;KSMBR1_3457
A0A2C9CLG0;KSMBR1_3951
A0A2C9CHM9;KSMBR1_2767
Q1Q796;KSMBR1_3950
A0A2C9CJQ6;KSMBR1_2520
A0A2C9CFB5;KSMBR1_1877
Q1PZG3;KSMBR1_1486
A0A2C9CFN9;KSMBR1_1884
A0A2C9CE12;KSMBR1_1327
Q1PWC2;KSMBR1_2434
A0A2C9CEJ5;KSMBR1_1509
A0A2C9CE41;KSMBR1_1650
A0A2C9CJI5;KSMBR1_3256
Q1Q264;KSMBR1_0794
A0A2C9CCI6;KSMBR1_0901
A0A2C9CCV7;KSMBR1_0902
A0A2C9CGY7;KSMBR1_2328
Q1PV02;KSMBR1_2023
Q1Q1K8;KSMBR1_0975
A0A2C9CAV1;KSMBR1_0495
Q1PZK3;KSMBR1_1523
A0A2C9CDG9;KSMBR1_1244
A0A2C9CI16;KSMBR1_3061
Q1PWC3;KSMBR1_2433
A0A2C9CKK9;KSMBR1_3712
Q1PWA8;KSMBR1_2431
Q1PVG3;KSMBR1_2176
Q1PUQ2;KSMBR1_3223
A0A2C9CH30;KSMBR1_2567
A0A2C9CK78;KSMBR1_3489
Q1Q266;KSMBR1_0796
Q1Q0I8;KSMBR1_3618
Q1Q6A7;KSMBR1_3341
A0A2C9CBQ6;KSMBR1_0627
A0A2C9CES9;KSMBR1_1701
A0A2C9CCP8;KSMBR1_0842
A0A2C9CCN6;KSMBR1_1041
A0A2C9CD20;KSMBR1_1042
A0A2C9CJU8;KSMBR1_3476
A0A2C9CJV7;KSMBR1_3486
A0A2C9CGY6;KSMBR1_2428
A0A2C9CEZ7;KSMBR1_1644
Q1PZE5;KSMBR1_1467
Q1Q5P5;KSMBR1_3800
A0A2C9CDA8;KSMBR1_1183
A0A2C9CKI0;KSMBR1_3957
Q1Q2R7;KSMBR1_0622
A0A2C9CKU3;KSMBR1_3803
A0A2C9CJM8;KSMBR1_3646
Q1Q2R6;KSMBR1_0621
Q1PWJ7;KSMBR1_2492
Q1PXJ6;KSMBR1_2957
Q1PZB6;KSMBR1_1442
Q1Q4X2;KSMBR1_0320
A0A2C9CKP6;KSMBR1_3747
Q1Q5T8;KSMBR1_3758
A0A2C9CJY0;KSMBR1_3746
Q1Q4W8;KSMBR1_0317
Q1Q5T7;KSMBR1_3757
A0A2C9CAY7;KSMBR1_0334
A0A2C9CDN5;KSMBR1_1191
A0A2C9CKU7;KSMBR1_3745
A0A2C9CCV4;KSMBR1_1197
A0A2C9CA64;KSMBR1_0071
A0A2C9CFK5;KSMBR1_1879
Q1PUM4;KSMBR1_3195
A0A2C9CB60;KSMBR1_0292
A0A2C9CA15;KSMBR1_0179
Q1PYF4;KSMBR1_1194
A0A2C9CHD9;KSMBR1_2619
Q1Q3U7;KSMBR1_3548
Q1Q1P1;KSMBR1_0962
Q1PZ14;KSMBR1_1352
Q1Q4V2;KSMBR1_0339
Q1Q4T6;KSMBR1_0342
A0A2C9CG32;KSMBR1_2207
A0A2C9CEX0;KSMBR1_0776
A0A2C9CM15;KSMBR1_3361
A0A2C9CLA7;KSMBR1_3943
A0A2C9CL84;KSMBR1_3944
Q1Q2S7;KSMBR1_0615
Q1Q2D9;KSMBR1_0728
Q1PV37;KSMBR1_2058
A0A2C9CKC3;KSMBR1_3643
A0A2C9CFG9;KSMBR1_1814
Q1PZK2;KSMBR1_1524
A0A2C9CAS6;KSMBR1_0275
A0A2C9CGB9;KSMBR1_2151
A0A2C9CK91;KSMBR1_3592
A0A2C9CLS1;KSMBR1_4093
Q1Q7I3;KSMBR1_3030
A0A2C9CEB2;KSMBR1_1537
A0A2C9CH08;KSMBR1_1538
A0A2C9CEM5;KSMBR1_1539
A0A2C9CDT2;KSMBR1_1540
A0A2C9CEB5;KSMBR1_1541
Q1PW47;KSMBR1_2384
A0A2C9CFA1;KSMBR1_1936
Q1Q116;KSMBR1_2782
A0A2C9CKF5;KSMBR1_3668
A0A2C9CF40;KSMBR1_1699
A0A2C9CEZ6;KSMBR1_1757
A0A2C9CIQ4;KSMBR1_2150
A0A2C9CAB6;KSMBR1_0184
A0A2C9CA47;KSMBR1_0059
A0A2C9CDF4;KSMBR1_1110
A0A2C9CCB2;KSMBR1_0835
A0A2C9CGQ6;KSMBR1_2248
Q1Q777;KSMBR1_3966
A0A2C9CL75;KSMBR1_3923
Q1PWU3;KSMBR1_2584
Q1Q4T1;KSMBR1_0351
Q1PZ36;KSMBR1_1363
Q1PV54;KSMBR1_2064
A0A2C9CGL1;KSMBR1_2300
A0A2C9CK43;KSMBR1_3542
Q1Q688;KSMBR1_3328
Q1Q3K7;KSMBR1_3488
Q1PY55;KSMBR1_1940
Q1PYT0;KSMBR1_1282
Q1PZS5;KSMBR1_1598
A0A2C9CJB1;KSMBR1_3274
A0A2C9CJA8;KSMBR1_3293
A0A2C9CBK9;KSMBR1_0738
Q1Q0B8;KSMBR1_1778
Q1PWB7;KSMBR1_2439
Q1PWC1;KSMBR1_2435
Q1Q2U8;KSMBR1_0040 KSMBR1_0052 KSMBR1_0089 KSMBR1_0216 KSMBR1_0491 KSMBR1_0692 KSMBR1_1113 KSMBR1_1559 KSMBR1_2131 KSMBR1_2680 KSMBR1_3097 KSMBR1_3115 KSMBR1_3608 KSMBR1_3660 KSMBR1_3678 KSMBR1_3852 KSMBR1_3895
A0A2C9CBW6;KSMBR1_0554
A0A2C9CCK5;KSMBR1_0930
Q1Q0K0;KSMBR1_3625
A0A2C9CKM8;KSMBR1_3650
A0A2C9CCT2;KSMBR1_1176
Q1PYH6;KSMBR1_1178
Q1Q2X4;KSMBR1_3474
Q1Q2X3;KSMBR1_3475
A0A2C9CK76;KSMBR1_3649
A0A2C9CC77;KSMBR1_0791
Q1Q325;KSMBR1_0061
Q1PZC3;KSMBR1_1435
Q1PVP3;KSMBR1_2239
A0A2C9CFZ3;KSMBR1_2324
A0A2C9CDL0;KSMBR1_1175
Q1Q263;KSMBR1_0793
Q1Q7N4;KSMBR1_3072
Q1Q2X5;KSMBR1_3473
A0A2C9CL76;KSMBR1_3938
Q1Q2R8;KSMBR1_0624
Q1PYR9;KSMBR1_1274
Q1PYS0;KSMBR1_1273
Q1Q290;KSMBR1_0763
A0A2C9CBC8;KSMBR1_0362
A0A2C9CJD0;KSMBR1_3390
A0A2C9CK90;KSMBR1_3598
Q1Q4R2;KSMBR1_0370
Q1Q3G4;KSMBR1_0135
A0A2C9CC11;KSMBR1_0813
A0A2C9CDR5;KSMBR1_1221
A0A2C9CDR0;KSMBR1_1226
A0A2C9CDA2;KSMBR1_1179
Q1PYP0;KSMBR1_1259
Q1PVH2;KSMBR1_2184
Q1PVB6;KSMBR1_2140
Q1PVB3;KSMBR1_2143
A0A2C9CCS6;KSMBR1_1000
Q1PYK1;KSMBR1_1150
Q1PYK2;KSMBR1_1151
Q1PUJ2;KSMBR1_3158
A0A2C9CIY6;KSMBR1_3154
A0A2C9CIP1;KSMBR1_3157
Q1PUI0;KSMBR1_3153
A0A2C9CJ51;KSMBR1_3151
A0A2C9CLG1;KSMBR1_3150
A0A2C9CBH9;KSMBR1_0630
Q1Q2S5;KSMBR1_0629
A0A2C9CBX2;KSMBR1_0631
A0A2C9CBL2;KSMBR1_0566
A0A2C9CBJ8;KSMBR1_0567
A0A2C9CBK1;KSMBR1_0568
A0A2C9CBY0;KSMBR1_0569
A0A2C9CBC3;KSMBR1_0570
A0A2C9CBQ8;KSMBR1_0571
A0A2C9CBJ9;KSMBR1_0572
A0A2C9CEB7;KSMBR1_0573
A0A2C9CBY6;KSMBR1_0574
A0A2C9CBA7;KSMBR1_0560
A0A2C9CBP8;KSMBR1_0561
A0A2C9CIR6;KSMBR1_3057
Q1Q7K0;KSMBR1_3049
A0A2C9CIV0;KSMBR1_3050
A0A2C9CBL9;KSMBR1_0588
Q1PYK3;KSMBR1_1152
Q1Q6S1;KSMBR1_0587
Q1Q6S0;KSMBR1_0586
A0A2C9CBZ6;KSMBR1_0584
A0A2C9CIY9;KSMBR1_3159
A0A2C9CBZ0;KSMBR1_0579
A0A2C9CBD0;KSMBR1_0580
A0A2C9CBK4;KSMBR1_0578
A0A2C9CBK2;KSMBR1_0577
A0A2C9CBM2;KSMBR1_0576
A0A2C9CB29;KSMBR1_0575
A0A2C9CBQ4;KSMBR1_0628
A0A2C9CK93;KSMBR1_3711
Q1Q7D5;KSMBR1_3914
A0A2C9CKB8;KSMBR1_3887
A0A2C9CFW9;KSMBR1_1965
A0A2C9CLA0;KSMBR1_3089
Q1Q4Z9;KSMBR1_0300
Q1PZF6;KSMBR1_1474
Q1PZF5;KSMBR1_1475
Q1Q1C7;KSMBR1_1070
A0A2C9CL14;KSMBR1_3008
A0A2C9CEY3;KSMBR1_1773
Q1PZI3;KSMBR1_1507
Q1Q648;KSMBR1_3289
A0A2C9CF04;KSMBR1_1771
A0A2C9CFC4;KSMBR1_1774
A0A2C9CFA8;KSMBR1_1882
A0A2C9CDC4;KSMBR1_1198
A0A2C9CH82;KSMBR1_2772
Q1Q3F4;KSMBR1_0144
Q1Q217;KSMBR1_0831
Q1Q097;KSMBR1_1760
Q1PUX3;KSMBR1_2005
Q1PWM1;KSMBR1_2523
Q1Q794;KSMBR1_3948
Q1Q0C5;KSMBR1_1789
A0A2C9CFR0;KSMBR1_2087
A0A2C9CCP3;KSMBR1_0961
Q1PUK7;KSMBR1_3178
Q1PZ31;KSMBR1_1366
A0A2C9CCD6;KSMBR1_1035
A0A2C9CCW9;KSMBR1_1036
A0A2C9CCV6;KSMBR1_1037
A0A2C9CCW2;KSMBR1_1038
Q1Q6B5;KSMBR1_3352
Q1Q4T0;KSMBR1_0350
Q1Q6B6;KSMBR1_3351
A0A2C9CJQ9;KSMBR1_3362
Q1Q6D0;KSMBR1_3357
Q1PUX2;KSMBR1_2006
Q1Q1K7;KSMBR1_0989
Q1PX13;KSMBR1_2639
Q1Q141;KSMBR1_2802
Q1Q6T5;KSMBR1_0558
Q1PYD4;KSMBR1_1213
A0A2C9CAN4;KSMBR1_0138
A0A2C9CL87;KSMBR1_3069
Q1PZ15;KSMBR1_1351
Q1Q6L3;KSMBR1_3426
Q1PZ82;KSMBR1_1403
Q1Q2M7;KSMBR1_0641
Q1Q3G2;KSMBR1_0133
A0A2C9CFH6;KSMBR1_0986
Q1Q1K3;KSMBR1_0985
Q1Q1K5;KSMBR1_0987
Q1PYF3;KSMBR1_1193
A0A2C9CIB9;KSMBR1_2945
Q1PZB2;KSMBR1_1427
Q1Q7G8;KSMBR1_3011
Q1Q2K6;KSMBR1_0654
A0A2C9CD15;KSMBR1_1161
Q1PZB1;KSMBR1_1428
Q1PVP6;KSMBR1_2236
A0A2C9CDC2;KSMBR1_1085
Q1PWE4;KSMBR1_2461
A0A2C9CGJ2;KSMBR1_2186
A0A2C9CJC6;KSMBR1_2379
A0A2C9CKP2;KSMBR1_3841
Q1Q5I7;KSMBR1_3842
Q1Q6L2;KSMBR1_3427
A0A2C9CD39;KSMBR1_1062
Q1PUT0;KSMBR1_3244
A0A2C9CJG7;KSMBR1_3430
Q1Q1D5;KSMBR1_1058
A0A2C9CL01;KSMBR1_3952
A0A2C9CLB7;KSMBR1_3953
A0A2C9CLG4;KSMBR1_3956
Q1Q4V3;KSMBR1_0340
A0A2C9CDM0;KSMBR1_0311
A0A2C9CAC8;KSMBR1_0313
Q1Q3C7;KSMBR1_0164
A0A2C9CCD2;KSMBR1_0933
A0A2C9CDM5;KSMBR1_1180
Q1Q7H3;KSMBR1_3022
A0A2C9CA31;KSMBR1_0034
A0A2C9CBX8;KSMBR1_0678
A0A2C9CH96;KSMBR1_2538
A0A2C9CF55;KSMBR1_1786
A0A2C9CF26;KSMBR1_1791
Q1PZI5;KSMBR1_1505
A0A2C9CBF1;KSMBR1_0687
A0A2C9CDT9;KSMBR1_1314
A0A2C9CLC5;KSMBR1_3916
A0A2C9CD92;KSMBR1_1169
A0A2C9CE24;KSMBR1_1452
A0A2C9CEB6;KSMBR1_1542
A0A2C9CEB3;KSMBR1_1543
Q1PUQ0;KSMBR1_3224
Q1PZ59;KSMBR1_1391
A0A2C9CC22;KSMBR1_0823
Q1Q4T3;KSMBR1_0353
Q1PUZ1;KSMBR1_2016
A0A2C9CLC9;KSMBR1_3963
Q1PY22;KSMBR1_1905
Q1PZE0;KSMBR1_1453
Q1PW43;KSMBR1_2373
A0A2C9CID7;KSMBR1_2962
Q1Q7N3;KSMBR1_3073
Q1Q0Y3;KSMBR1_2751
A0A2C9CAN1;KSMBR1_0298
A0A2C9CD13;KSMBR1_1257
Q1PZK4;KSMBR1_1522
Q1PY41;KSMBR1_1935
A0A2C9CF13;KSMBR1_1855
A0A2C9CFG1;KSMBR1_1933
Q1PY42;KSMBR1_1934
Q1Q022;KSMBR1_1698
A0A2C9CF28;KSMBR1_1756
Q1Q109;KSMBR1_2769
A0A2C9CHX5;KSMBR1_2768
Q1Q108;KSMBR1_2770
Q1Q643;KSMBR1_3294
Q1PX01;KSMBR1_2633
Q1PUU6;KSMBR1_3245
A0A2C9CJH4;KSMBR1_3246
A0A2C9CCG6;KSMBR1_0762
Q1Q2R9;KSMBR1_0625
A0A2C9CBA3;KSMBR1_0421
A0A2C9CEK9;KSMBR1_1504
Q1Q4I2;KSMBR1_0422
A0A2C9CG64;KSMBR1_2148
Q1PVC6;KSMBR1_2145
A0A2C9CG35;KSMBR1_2118
Q1PX48;KSMBR1_2670
Q1Q7J1;KSMBR1_3040
Q1Q6L6;KSMBR1_3442
Q1Q5N7;KSMBR1_3792
Q1PYC5;KSMBR1_1220
A0A2C9CFB6;KSMBR1_1764
A0A2C9CG41;KSMBR1_2163
A0A2C9CJP1;KSMBR1_3397
A0A2C9CJQ3;KSMBR1_3422
Q1PVG5;KSMBR1_2175
A0A2C9CJB5;KSMBR1_2369
Q1Q0K1;KSMBR1_3624
A0A2C9CFP8;KSMBR1_2013
A0A2C9CKW5;KSMBR1_3922
Q1PZC6;KSMBR1_1450
Q1Q234;KSMBR1_0816
A0A2C9CAC1;KSMBR1_0132
A0A2C9CJX7;KSMBR1_3487
A0A2C9CAD4;KSMBR1_0142
Q1Q7I7;KSMBR1_3044
A0A2C9CDV7;KSMBR1_1261
Q1PY81;KSMBR1_1126
Q1Q5Z2;KSMBR1_3251
Q1Q5Z1;KSMBR1_3252
A0A2C9CDG7;KSMBR1_1125
A0A2C9CHB5;KSMBR1_2615
A0A2C9CCZ3;KSMBR1_1068
A0A2C9CC12;KSMBR1_0735
A0A2C9CET4;KSMBR1_0736
Q1PW61;KSMBR1_2387
Q1Q1F2;KSMBR1_1030
A0A2C9CHE2;KSMBR1_2614
Q1PZK9;KSMBR1_1519
A0A2C9CFI7;KSMBR1_1834
A0A2C9CF15;KSMBR1_1777
Q1PZ76;KSMBR1_1393
Q1PZ47;KSMBR1_1385
A0A2C9CL74;KSMBR1_3949
Q1Q4Z4;KSMBR1_0296
A0A2C9CMW4;KSMBR1_3674
A0A2C9CKF6;KSMBR1_3673
A0A2C9CL33;KSMBR1_3884
A0A2C9CKH9;KSMBR1_3590
Q1PXU2;KSMBR1_1845
A0A2C9CH77;KSMBR1_2553
A0A2C9CF84;KSMBR1_1851
A0A2C9CF78;KSMBR1_1852
A0A2C9CF82;KSMBR1_1873
A0A2C9CH68;KSMBR1_2544
A0A2C9CF86;KSMBR1_1847
A0A2C9CLQ9;KSMBR1_4046
A0A2C9CHP5;KSMBR1_2641
Q1PX10;KSMBR1_2642
Q1PXW2;KSMBR1_1854
Q1PVQ3;KSMBR1_2246
Q1PXG9;KSMBR1_2927
A0A2C9CGA0;KSMBR1_2247
A0A2C9CKA3;KSMBR1_2730
A0A2C9CBU4;KSMBR1_0601
A0A2C9CBM8;KSMBR1_0602
Q1Q6Q1;KSMBR1_0600
A0A2C9CBQ3;KSMBR1_0606
A0A2C9CB54;KSMBR1_0605
A0A2C9CE47;KSMBR1_1545
A0A2C9CEH6;KSMBR1_1546
A0A2C9CEC2;KSMBR1_1547
Q1Q120;KSMBR1_2777
Q1Q0A1;KSMBR1_1758
A0A2C9CDM8;KSMBR1_1364
A0A2C9CIJ0;KSMBR1_2976
A0A2C9CLF2;KSMBR1_4080
A0A2C9CLT6;KSMBR1_4081
Q1Q292;KSMBR1_0768
Q1PUP4;KSMBR1_3213
Q1Q4Q2;KSMBR1_0376
Q1PZ48;KSMBR1_1384
Q1Q551;KSMBR1_0246
Q1PZK0;KSMBR1_1525
Q1PZL7;KSMBR1_1527
A0A2C9CDS2;KSMBR1_1530
A0A2C9CEA4;KSMBR1_1531
Q1PZL6;KSMBR1_1528
Q1PZL5;KSMBR1_1529
A0A2C9CHN2;KSMBR1_2713 KSMBR1_3603
A0A2C9CH14;KSMBR1_2704 KSMBR1_2712 KSMBR1_3602
A0A2C9CHM2;KSMBR1_2703 KSMBR1_2711 KSMBR1_3601
A0A2C9CJW8;KSMBR1_3471
A0A2C9CHH9;KSMBR1_2659
A0A2C9CE81;KSMBR1_1513
A0A2C9CIV5;KSMBR1_3124
A0A2C9CE26;KSMBR1_1447
A0A2C9CH11;KSMBR1_2400
A0A2C9CHX8;KSMBR1_3020
Q1Q504;KSMBR1_0273
A0A2C9CBH8;KSMBR1_0536
A0A2C9CEC5;KSMBR1_1552
A0A2C9CEC4;KSMBR1_1553
A0A2C9CJE4;KSMBR1_2399
Q1Q6T6;KSMBR1_0559
Q1Q154;KSMBR1_2827
Q1Q1G5;KSMBR1_1027
Q1Q400;KSMBR1_3581
Q1Q1H3;KSMBR1_1021
Q1Q7B3;KSMBR1_3935
A0A2C9CAF9;KSMBR1_0171
Q1PZC7;KSMBR1_1449
A0A2C9CCL5;KSMBR1_0940
A0A2C9CDT1;KSMBR1_1362
A0A2C9CA75;KSMBR1_0075
A0A2C9CAM4;KSMBR1_0235
A0A2C9CAM8;KSMBR1_0233
A0A2C9CAM7;KSMBR1_0234
Q1PYB3;KSMBR1_1224
Q1PYB2;KSMBR1_1223
Q1Q273;KSMBR1_0784
Q1Q275;KSMBR1_0786
A0A2C9CBY5;KSMBR1_0783
A0A2C9CDT5;KSMBR1_1241
Q1PZB5;KSMBR1_1443
Q1Q7B1;KSMBR1_3933
A0A2C9CB42;KSMBR1_0385
A0A2C9CAP5;KSMBR1_0245
Q1PZX7;KSMBR1_1637
A0A2C9CFN6;KSMBR1_1967
Q1PUK5;KSMBR1_3180
Q1Q1H7;KSMBR1_1008
A0A2C9CHQ0;KSMBR1_2729
Q1Q3B0;KSMBR1_0183
A0A2C9CAM9;KSMBR1_0415
Q1Q244;KSMBR1_0809
Q1PZI0;KSMBR1_1489
Q1PZH6;KSMBR1_1492
Q1PZJ5;yggU KSMBR1_1514
Q1PUY9;KSMBR1_2017
Q1PVM2;KSMBR1_2227
A0A2C9CL31;KSMBR1_3018
Q1Q5W3;KSMBR1_3748
Q1PYH1;KSMBR1_1173
A0A2C9CCA1;KSMBR1_0903
A0A2C9CAJ3;KSMBR1_0165
Q1Q0M4;KSMBR1_3638
A0A2C9CKY6;KSMBR1_3785
Q1Q7G3;KSMBR1_3016
A0A2C9CHS3;KSMBR1_2775
Q1Q105;KSMBR1_2773
A0A2C9CIE1;KSMBR1_2971
Q1Q2K1;KSMBR1_0666
Q1Q7I8;KSMBR1_3043
A0A2C9CHG2;KSMBR1_2858
Q1PYI6;KSMBR1_1170
A0A2C9CP11;KSMBR1_4055
A0A2C9CJE2;KSMBR1_3309
Q1PWT3;KSMBR1_2575
A0A2C9CC70;KSMBR1_0769
A0A2C9CD01;KSMBR1_1247
Q1Q115;KSMBR1_2783
Q1Q611;KSMBR1_3263
Q1Q5Z3;KSMBR1_3262
A0A2C9CB28;KSMBR1_0272
Q1PZ64;KSMBR1_1387
Q1PXW3;KSMBR1_1853
A0A2C9CFE4;KSMBR1_1911
Q1Q4J7;KSMBR1_0418
A0A2C9CCW0;KSMBR1_0907
A0A2C9CIG8;KSMBR1_3034
A0A2C9CK67;KSMBR1_3836
A0A2C9CAQ4;KSMBR1_0338
A0A2C9CIL7;KSMBR1_3033
A0A2C9CLJ8;KSMBR1_4058
Q1Q505;KSMBR1_0274
Q1Q0X4;KSMBR1_0046 KSMBR1_0058 KSMBR1_3742
Q1Q2Z7;KSMBR1_2745
Q1PUN9;KSMBR1_3198
A0A2C9CD32;KSMBR1_1108
A0A2C9CGG6;KSMBR1_2339
A0A2C9CGQ3;KSMBR1_2340
A0A2C9CHY2;KSMBR1_2393 KSMBR1_2841
A0A2C9CLH2;KSMBR1_3160
Q1Q5N0;KSMBR1_3804
Q1Q5R5;KSMBR1_3783
Q1Q3B8;KSMBR1_0174
A0A2C9CEV5;KSMBR1_1717
Q1Q654;KSMBR1_3300
A0A2C9CI04;KSMBR1_2834
Q1PW40;KSMBR1_2376
A0A2C9CH39;KSMBR1_2375
A0A2C9CFJ0;KSMBR1_1859
A0A2C9CHX3;KSMBR1_1858
A0A2C9CL92;KSMBR1_3954
A0A2C9CNR4;KSMBR1_3955
Q1Q1C3;KSMBR1_1066
Q1Q7C6;KSMBR1_3930
Q1Q013;KSMBR1_1691
A0A2C9CI75;KSMBR1_2826
Q1Q3G3;KSMBR1_0134
A0A2C9CF31;KSMBR1_0836
A0A2C9CIR5;KSMBR1_2984
Q1Q1E9;KSMBR1_1053
A0A2C9CJS7;KSMBR1_3373
A0A2C9CF68;KSMBR1_1827
Q1Q4U9;KSMBR1_0336
Q1Q3Q9;KSMBR1_3523
A0A2C9CGJ3;KSMBR1_2233
Q1PYG9;KSMBR1_1188
A0A2C9CIB2;KSMBR1_2930
A0A2C9CJ81;KSMBR1_3181
Q1Q1P8;KSMBR1_0944
Q1PZ46;KSMBR1_1368
Q1PZQ8;KSMBR1_1579
A0A2C9CDX0;KSMBR1_1580
A0A2C9CD18;KSMBR1_1093
A0A2C9CGZ4;KSMBR1_2692
Q1PUZ7;KSMBR1_2026
Q1Q4K5;KSMBR1_0412
Q1Q4J8;KSMBR1_0419
A0A2C9CH12;KSMBR1_2515
Q1PZS6;KSMBR1_1597
Q1PZ63;KSMBR1_1388
A0A2C9CB37;KSMBR1_0349
Q1Q1C1;KSMBR1_1082
Q1PUP5;KSMBR1_3212
A0A2C9CK13;KSMBR1_3589
Q1Q7F3;KSMBR1_3010
Q1Q787;KSMBR1_3958
Q1Q0E9;KSMBR1_1801
Q1Q265;KSMBR1_0795
A0A2C9CHA6;KSMBR1_2501
A0A2C9CJR6;KSMBR1_2530
A0A2C9CH69;KSMBR1_2405
Q1Q259;KSMBR1_0789
Q1Q045;KSMBR1_1711
Q1Q286;KSMBR1_0771
A0A2C9CI76;KSMBR1_1969
A0A2C9CJZ2;KSMBR1_3491
Q1Q2J0;KSMBR1_0670
A0A2C9CH33;KSMBR1_2535
Q1PUP8;KSMBR1_3209
A0A2C9CJW7;KSMBR1_3736
A0A2C9CI95;KSMBR1_2963
A0A2C9CKM2;KSMBR1_3727
Q1PZY9;KSMBR1_1645
A0A2C9CIU5;KSMBR1_3165
Q1PV71;KSMBR1_2082
Q1Q0I7;KSMBR1_3619
Q1Q0D5;KSMBR1_1797
Q1Q4Q9;KSMBR1_0367
Q1Q4S5;KSMBR1_0364
Q1PZJ0;KSMBR1_1518
Q1PWX8;KSMBR1_2613
Q1Q250;KSMBR1_0798
A0A2C9CB20;KSMBR1_0365
A0A2C9CAZ8;KSMBR1_0366
A0A2C9CBX6;KSMBR1_0564
A0A2C9CB19;KSMBR1_0565
Q1PVI8;KSMBR1_2203
Q1Q3W6;KSMBR1_3562
A0A2C9CGM9;KSMBR1_2374
A0A2C9CAT0;KSMBR1_0153
Q1Q3D1;KSMBR1_0154
Q1Q002;KSMBR1_1675
Q1Q6B7;KSMBR1_3350
A0A2C9CJD3;KSMBR1_3356
A0A2C9CJK1;KSMBR1_3349
Q1PZZ1;KSMBR1_1643
A0A2C9CEL6;KSMBR1_1642
Q1PZX3;KSMBR1_1641
Q1PZA8;KSMBR1_1431
Q1PWP0;KSMBR1_2537
A0A2C9CHG1;KSMBR1_2506
A0A2C9CGH4;KSMBR1_2291
A0A2C9CD37;KSMBR1_1181
A0A2C9CKK3;KSMBR1_3723
Q1PVD3;KSMBR1_2155
Q1Q3Y3;KSMBR1_3579
A0A2C9CAK1;KSMBR1_0383
A0A2C9CCH8;KSMBR1_0891
A0A2C9CGL2;KSMBR1_2331
A0A2C9CD35;KSMBR1_0982
Q1Q1K1;KSMBR1_0983
A0A2C9CF47;KSMBR1_1776
A0A2C9CCM4;KSMBR1_0817
Q1Q253;KSMBR1_0801
Q1PW22;KSMBR1_2361
A0A2C9CJJ1;KSMBR1_3360
A0A2C9CC73;KSMBR1_0664
Q1Q6D3;KSMBR1_3354
A0A2C9CJJ3;KSMBR1_3355
Q1Q6C8;KSMBR1_3359
A0A2C9CFK2;KSMBR1_1968
A0A2C9CDR9;KSMBR1_1293
A0A2C9CCP0;KSMBR1_0904
Q1Q214;KSMBR1_0829
A0A2C9CIZ7;KSMBR1_3267
A0A2C9CCZ0;KSMBR1_1057
A0A2C9CC38;KSMBR1_0751
A0A2C9CGQ1;KSMBR1_2293
Q1Q697;KSMBR1_3336
Q1PV38;KSMBR1_2056
Q1PY31;KSMBR1_1913
Q1PZP6;KSMBR1_1573
A0A2C9CG38;KSMBR1_2185
Q1Q7F4;KSMBR1_3009
Q1PZD8;KSMBR1_1455
Q1PZD5;KSMBR1_1458
Q1Q683;KSMBR1_3317
A0A2C9CJD2;KSMBR1_3299
Q1Q7L1;KSMBR1_3059
Q1Q7L0;KSMBR1_3060
A0A2C9CEI0;KSMBR1_1790
A0A2C9CME9;KSMBR1_3493
Q1PZI4;KSMBR1_1506
A0A2C9CIR3;KSMBR1_3078
A0A2C9CGN0;KSMBR1_2320
A0A2C9CFD2;KSMBR1_1966
A0A2C9CGH1;KSMBR1_2317
A0A2C9CN01;KSMBR1_3714
A0A2C9CHJ6;KSMBR1_2664
Q1PZS4;KSMBR1_1599
A0A2C9CIP3;KSMBR1_3058
A0A2C9CB13;KSMBR1_0247
Q1Q2D8;KSMBR1_0727
A0A2C9CFH5;KSMBR1_1943
Q1Q2D7;KSMBR1_0726
Q1PY51;KSMBR1_1944
A0A2C9CHJ2;KSMBR1_2695
Q1PXI2;KSMBR1_2939
Q1Q4H1;KSMBR1_0448
Q1PXI1;KSMBR1_2940
A0A2C9CBL8;KSMBR1_0449
A0A2C9CBJ7;KSMBR1_0546
A0A2C9CFS9;KSMBR1_1925
A0A2C9CN84;KSMBR1_3784
Q1Q4F3;KSMBR1_0450
Q1Q4F5;KSMBR1_0452
A0A2C9CB46;KSMBR1_0400
A0A2C9CAR7;KSMBR1_0168
A0A2C9CIN1;KSMBR1_2942
A0A2C9CDY1;KSMBR1_0423
A0A2C9CF35;KSMBR1_1684
A0A2C9CB69;KSMBR1_0417
Q1Q1M6;KSMBR1_0965
Q1Q0R7;KSMBR1_0011
A0A2C9CF01;KSMBR1_0806
Q1Q257;KSMBR1_0805
Q1Q256;KSMBR1_0804
A0A2C9CGW2;KSMBR1_2397
A0A2C9CGS6;KSMBR1_2398
Q1Q255;KSMBR1_0803
Q1Q254;KSMBR1_0802
Q1PV82;KSMBR1_2088
A0A2C9CJS6;KSMBR1_3347
Q1PZG5;KSMBR1_1484
Q1PZG6;KSMBR1_1483
Q1PZG4;KSMBR1_1485
Q1PX08;KSMBR1_2628
A0A2C9CHN5;KSMBR1_2631
A0A2C9CKI9;KSMBR1_3717
A0A2C9CKK6;KSMBR1_3718
Q1PZD4;KSMBR1_1459
A0A2C9CJT1;KSMBR1_3551
A0A2C9CLI6;KSMBR1_4054
Q1Q5K3;KSMBR1_3825
Q1PYM7;KSMBR1_1138
Q1PWJ3;KSMBR1_2495
Q1PWJ4;KSMBR1_2494
A0A2C9CAG2;KSMBR1_0031
Q1Q107;KSMBR1_2771
Q1PWH1;KSMBR1_2468
Q1Q760;KSMBR1_3990
Q1Q759;KSMBR1_3989
Q1PWH0;KSMBR1_2469
Q1PWG9;KSMBR1_2470
A0A2C9CLC6;KSMBR1_3988
Q1PWG8;KSMBR1_2471
Q1Q6R3;KSMBR1_1331
Q1PW48;KSMBR1_2383
Q1Q757;KSMBR1_3987
A0A2C9CB48;KSMBR1_0595
A0A2C9CGD1;KSMBR1_2472
Q1PWG6;KSMBR1_2473
Q1PW49;KSMBR1_2382
A0A2C9CBP2;KSMBR1_0596
A0A2C9CEF3;KSMBR1_1581
A0A2C9CDQ2;KSMBR1_1330
A0A2C9CLJ4;KSMBR1_3986
A0A2C9CNU1;KSMBR1_3985
Q1PYY4;KSMBR1_1329
A0A2C9CH34;KSMBR1_2478
Q1Q754;KSMBR1_3984
Q1Q773;KSMBR1_3983
Q1PWH7;KSMBR1_2479
A0A2C9CL24;KSMBR1_3982
Q1PWH6;KSMBR1_2480
Q1Q771;KSMBR1_3981
Q1PWH5;KSMBR1_2481
Q1Q770;KSMBR1_3980
A0A2C9CGE2;KSMBR1_2482
A0A2C9CH09;KSMBR1_2483
Q1Q769;KSMBR1_3979
Q1Q768;KSMBR1_3978
A0A2C9CGY5;KSMBR1_2485
Q1Q1G4;KSMBR1_1026
Q1PUX1;KSMBR1_2007
Q1Q029;KSMBR1_1693
Q1Q133;KSMBR1_2793
A0A2C9CEJ1;KSMBR1_1800
Q1Q0E8;KSMBR1_1802
Q1Q060;KSMBR1_1731
A0A2C9CH28;KSMBR1_2364
A0A2C9CE82;KSMBR1_1511
Q1Q5R4;KSMBR1_3782
A0A2C9CCV1;KSMBR1_1101
Q1PXS0;KSMBR1_1815
A0A2C9CHY6;KSMBR1_3031
Q1Q5K2;KSMBR1_3824
Q1Q0Z4;KSMBR1_2756
Q1Q007;KSMBR1_1682
Q1Q766;KSMBR1_3977
A0A2C9CLI4;KSMBR1_3976
Q1Q258;KSMBR1_0788
Q1Q1N9;KSMBR1_0960
A0A2C9CEN4;KSMBR1_1549
A0A2C9CDU1;KSMBR1_1550
A0A2C9CEC3;KSMBR1_1551
Q1Q4V6;KSMBR1_0325
A0A2C9CHL6;KSMBR1_2658
Q1PV13;KSMBR1_2028
A0A2C9C9R8;KSMBR1_0002
Q1Q7I9;KSMBR1_3042
A0A2C9CIZ0;KSMBR1_3257
Q1Q4U4;KSMBR1_0346
Q1Q4A5;KSMBR1_0493
Q1PY47;KSMBR1_1930
A0A2C9CGY8;KSMBR1_2527
A0A2C9CEE1;KSMBR1_1635
A0A2C9CFE9;KSMBR1_0956
A0A2C9CCN1;KSMBR1_0955
A0A2C9CCU0;KSMBR1_0954
A0A2C9CD06;KSMBR1_0952
Q1PZX4;KSMBR1_1640
A0A2C9CAQ9;KSMBR1_0270
A0A2C9CI51;KSMBR1_2885
Q1PVH9;KSMBR1_2195
A0A2C9CFH8;KSMBR1_1942
Q1Q7Q2;KSMBR1_3088
A0A2C9CJ43;KSMBR1_3307
Q1Q668;KSMBR1_3305
A0A2C9CK68;KSMBR1_3479
A0A2C9CHT5;KSMBR1_2728
Q1PYF5;KSMBR1_1195
A0A2C9CGW7;KSMBR1_2507
A0A2C9CJI8;KSMBR1_3291
A0A2C9CEJ9;KSMBR1_1494
A0A2C9CE00;KSMBR1_1495
A0A2C9CEC6;KSMBR1_1496
Q1Q0S3;KSMBR1_3593
Q1PYR7;KSMBR1_1276
A0A2C9CIW2;KSMBR1_3227
Q1PYR8;KSMBR1_1275
Q1Q7J0;KSMBR1_3041
A0A2C9CGC6;KSMBR1_2241
Q1PZP2;KSMBR1_1556
Q1Q7N1;KSMBR1_3074
Q1PZ80;KSMBR1_1404
Q1PUZ3;KSMBR1_2014
Q1PVK4;KSMBR1_2205
A0A2C9CH21;KSMBR1_2410
A0A2C9CJC5;KSMBR1_3268
Q1Q4S7;KSMBR1_0348
Q1Q0L7;KSMBR1_3644
Q1Q4R8;KSMBR1_0357
Q1Q6R0;KSMBR1_0592
A0A2C9CMM7;KSMBR1_3584
Q1Q3Z6;KSMBR1_3585
Q1PZ43;KSMBR1_1370
A0A2C9CIS1;KSMBR1_3019
Q1Q2T5;KSMBR1_0613
Q1Q614;KSMBR1_3273
A0A2C9CEW6;KSMBR1_1727
Q1PYE4;KSMBR1_1204
Q1Q066;KSMBR1_1726
A0A2C9CBZ3;KSMBR1_0720
A0A2C9CDM6;KSMBR1_1298
A0A2C9CI38;KSMBR1_2860
A0A2C9CI02;KSMBR1_2861
Q1Q7P7;KSMBR1_3093
Q1Q2C3;KSMBR1_0729
A0A2C9CF32;KSMBR1_1823
Q1PYH2;KSMBR1_1174
Q1Q7B0;KSMBR1_3932
Q1Q301;KSMBR1_0072
Q1PX31;KSMBR1_2653
A0A2C9CGM3;KSMBR1_2216
Q1PUU8;KSMBR1_1995
Q1PX54;KSMBR1_2665
Q1PX53;KSMBR1_2666
Q1PZR6;KSMBR1_1590
A0A2C9CB61;KSMBR1_0297
Q1Q7A2;KSMBR1_3941
A0A2C9CHC5;KSMBR1_2625
Q1PYD2;KSMBR1_1211
Q1Q6H8;KSMBR1_3393
Q1Q206;KSMBR1_0843
A0A2C9CEJ3;KSMBR1_1685
Q1PV53;KSMBR1_2065
Q1Q177;KSMBR1_2838
Q1PYI1;KSMBR1_1165
A0A2C9CCQ7;KSMBR1_0852
A0A2C9CCS0;KSMBR1_0934
A0A2C9CI42;KSMBR1_2933
A0A2C9CCU6;KSMBR1_0892
A0A2C9CDK8;KSMBR1_1284
A0A2C9CLD4;KSMBR1_4092
A0A2C9CFA5;KSMBR1_1754
A0A2C9CIY0;KSMBR1_3080
Q1Q7H2;KSMBR1_3023
Q1Q0V2;KSMBR1_2726
A0A2C9CAF4;KSMBR1_0162
A0A2C9CL22;KSMBR1_3878
Q1Q5X6;KSMBR1_3735
Q1Q445;KSMBR1_4052
Q1Q2D1;KSMBR1_0721
Q1Q2D4;KSMBR1_0724
A0A2C9CIV9;KSMBR1_3025
A0A2C9CEZ9;KSMBR1_1772
Q1PXY6;KSMBR1_1887
A0A2C9CAD9;KSMBR1_0146
A0A2C9CAP7;KSMBR1_0148
A0A2C9CFF5;KSMBR1_1886
Q1Q6E1;KSMBR1_3364
A0A2C9CCW3;KSMBR1_1207
A0A2C9CE92;KSMBR1_1521
Q1Q117;KSMBR1_2781
A0A2C9CED7;KSMBR1_0593
A0A2C9CFR9;KSMBR1_1914
Q1PYY5;KSMBR1_1328
Q1PUI6;KSMBR1_3164
A0A2C9CC59;KSMBR1_0759
A0A2C9CJA3;KSMBR1_3176
Q1Q6R2;KSMBR1_0594
A0A2C9C9L8;KSMBR1_0027
A0A2C9CD81;KSMBR1_1159
Q1Q4I4;KSMBR1_0424
A0A2C9CAR9;KSMBR1_0280
A0A2C9CLN1;KSMBR1_4088
Q1Q4L5;KSMBR1_0406
Q1PWC9;KSMBR1_2443
Q1Q1G1;KSMBR1_1023
A0A2C9CER3;KSMBR1_1636
A0A2C9CBU7;KSMBR1_0674
Q1Q511;KSMBR1_0279
A0A2C9CB50;KSMBR1_0405
A0A2C9CKH1;KSMBR1_3672
Q1Q5P0;KSMBR1_3795
Q1Q5P2;KSMBR1_3797
Q1Q5N9;KSMBR1_3794
Q1PYR4;KSMBR1_1278
A0A2C9CJ82;KSMBR1_3348
Q1Q0J9;KSMBR1_3626
Q1Q056;KSMBR1_1718
A0A2C9CCP7;KSMBR1_1051
Q1Q4I6;KSMBR1_0426
Q1Q1G7;KSMBR1_1029
Q1PZY4;KSMBR1_1673
Q1PYW4;KSMBR1_1316
Q1PWJ8;KSMBR1_2491
Q1PYN1;KSMBR1_1254
A0A2C9CJC8;KSMBR1_3536
Q1PYP7;KSMBR1_1256
Q1PYI7;KSMBR1_1171
A0A2C9CB74;KSMBR1_0389
Q1PZ44;KSMBR1_1369
Q1Q5V1;KSMBR1_3753
A0A2C9CC79;KSMBR1_0883
A0A2C9CEP0;KSMBR1_1850
A0A2C9CKP9;KSMBR1_3752
Q1PZA9;KSMBR1_1430
A0A2C9CCM0;KSMBR1_0945
A0A2C9CFD9;KSMBR1_0946
A0A2C9CCZ8;KSMBR1_0947
Q1PYE2;KSMBR1_1202
A0A2C9CIA6;KSMBR1_2973
Q1Q3A9;KSMBR1_0182
A0A2C9CA91;KSMBR1_0095
Q1PZJ2;KSMBR1_1517
Q1Q1G9;KSMBR1_1016
Q1PZC4;KSMBR1_1451
A0A2C9CC94;KSMBR1_0815
A0A2C9CBV1;KSMBR1_0611
A0A2C9CK26;KSMBR1_3543
A0A2C9CL77;KSMBR1_3934
Q1Q226;KSMBR1_0824
Q1PUP6;KSMBR1_3211
Q1PZ71;KSMBR1_1397
A0A2C9C9J6;KSMBR1_0007
A0A2C9CBZ8;KSMBR1_0888
A0A2C9CJJ6;KSMBR1_3460
Q1Q4N8;KSMBR1_0380
A0A2C9CBA0;KSMBR1_0550
Q1Q2L2;KSMBR1_0659
Q1PZ74;KSMBR1_1394
A0A2C9CBL6;KSMBR1_0531
Q1PZ73;KSMBR1_1395
Q1PZM3;KSMBR1_1535
A0A2C9CCF1;KSMBR1_0875
A0A2C9CFI1;KSMBR1_1948
A0A2C9CI96;KSMBR1_1989
A0A2C9CFW4;KSMBR1_2294
A0A2C9CBU9;KSMBR1_0539
A0A2C9CFM4;KSMBR1_1957
Q1Q0K8;KSMBR1_3635
A0A2C9CB93;KSMBR1_0411
A0A2C9CBS6;KSMBR1_0626
Q1PXR9;KSMBR1_1816
A0A2C9CGY2;KSMBR1_2370
Q1Q5X4;KSMBR1_3732
A0A2C9CFM5;KSMBR1_1993
A0A2C9CBT5;KSMBR1_0657
Q1Q0V1;KSMBR1_2727
Q1Q5S5;KSMBR1_3763
Q1Q207;KSMBR1_0844
Q1PUX0;KSMBR1_2008
Q1PUN3;KSMBR1_3207
Q1Q0J7;KSMBR1_3628
A0A2C9CCA6;KSMBR1_0830
A0A2C9CJQ7;KSMBR1_3327
A0A2C9C9V5;KSMBR1_0119
A0A2C9CFT5;KSMBR1_1960
Q1PZA7;KSMBR1_1432
Q1Q5Y0;KSMBR1_3739
A0A2C9CB45;KSMBR1_0359
Q1PY04;KSMBR1_1889
Q1PZD0;KSMBR1_1446
Q1Q5X5;KSMBR1_3733
Q1Q5X3;KSMBR1_3731
Q1Q522;KSMBR1_0271
A0A2C9CB02;KSMBR1_0345
Q1PZ96;KSMBR1_1425
Q1Q4Y5;KSMBR1_0305
A0A2C9CG13;KSMBR1_2187
Q1PZX5;KSMBR1_1639
Q1PZ79;KSMBR1_1405
A0A2C9CI45;KSMBR1_2879
A0A2C9CAC7;KSMBR1_0094
A0A2C9CDT0;KSMBR1_1350
Q1Q779;KSMBR1_3968
A0A2C9CC85;KSMBR1_0810
Q1Q232;KSMBR1_0814
Q1Q131;KSMBR1_2795
Q1Q135;KSMBR1_2808
A0A2C9CKH7;KSMBR1_2805
A0A2C9CI56;KSMBR1_2806
A0A2C9CHB9;KSMBR1_2817
A0A2C9CHW2;KSMBR1_2820
Q1Q7I4;KSMBR1_3029
Q1Q130;KSMBR1_2796
Q1Q132;KSMBR1_2794
A0A2C9CHA0;KSMBR1_2797
Q1Q7L6;KSMBR1_3071
Q1Q147;KSMBR1_2815
A0A2C9CI28;KSMBR1_2823
A0A2C9CHS5;KSMBR1_2812
Q1Q167;KSMBR1_2833
A0A2C9CIB7;KSMBR1_2821
Q1Q3Z8;KSMBR1_3583
Q1PY03;KSMBR1_1890
Q1Q152;KSMBR1_2810
Q1Q136;KSMBR1_2807
Q1Q146;KSMBR1_2816
Q1Q7H1;KSMBR1_3024
Q1PY02;KSMBR1_1891
A0A2C9CC95;KSMBR1_0988
Q1Q149;KSMBR1_2813
A0A2C9CI84;KSMBR1_2790
A0A2C9CCN8;KSMBR1_0832
Q1Q3Z9;KSMBR1_3582
Q1Q168;KSMBR1_2832
Q1Q128;KSMBR1_2798
A0A2C9CHX7;KSMBR1_2799
Q1PW65;KSMBR1_2385
A0A2C9CJN8;KSMBR1_3342
Q1Q6H0;KSMBR1_3385
A0A2C9CAG9;KSMBR1_0181
Q1Q2T3;KSMBR1_0620
Q1Q247;KSMBR1_0812
Q1PZV8;KSMBR1_1621
A0A2C9CC83;KSMBR1_0676
Q1Q151;KSMBR1_2811
A0A2C9CID0;KSMBR1_2831
Q1Q159;KSMBR1_2822
Q1Q7G9;KSMBR1_3026
Q1Q142;KSMBR1_2801
Q1Q162;KSMBR1_2819
Q1Q7L7;KSMBR1_3070
A0A2C9CHX1;KSMBR1_2804
Q1Q170;KSMBR1_2830
Q1Q143;KSMBR1_2800
A0A2C9CHZ0;KSMBR1_2828
Q1Q144;KSMBR1_2818
A0A2C9CG69;KSMBR1_2215
Q1Q148;KSMBR1_2814
Q1Q7I5;KSMBR1_3028
A0A2C9CHY9;KSMBR1_2809
Q1PYZ4;KSMBR1_1336
Q1PZT1;KSMBR1_1593
A0A2C9CC13;KSMBR1_0673
Q1Q6G9;KSMBR1_3386
A0A2C9CJC3;KSMBR1_3346
Q1Q4H0;KSMBR1_0447
Q1Q2G6;KSMBR1_0702
Q1PY19;KSMBR1_1908
Q1Q0B6;KSMBR1_1780
Q1PV05;KSMBR1_2035
A0A2C9CEA7;KSMBR1_1720
A0A2C9CNQ1;KSMBR1_3945
Q1Q055;KSMBR1_1719
Q1PYN7;KSMBR1_1250
A0A2C9CBS2;KSMBR1_0504
Q1PZ27;KSMBR1_1367
Q1Q354;KSMBR1_3874
Q1PUS9;KSMBR1_3234
A0A2C9CIE9;KSMBR1_3066
A0A2C9CGN7;KSMBR1_2357
A0A2C9CJA6;KSMBR1_2358
Q1PW24;KSMBR1_2359
Q1PUK6;KSMBR1_3179
A0A2C9CF65;KSMBR1_1714
Q1Q134;KSMBR1_2792
Q1Q4T5;KSMBR1_0355
Q1Q157;KSMBR1_2824
A0A2C9CEK8;KSMBR1_1633
A0A2C9CE34;KSMBR1_1457
A0A2C9CC45;KSMBR1_0938
Q1PYC1;KSMBR1_1218
A0A2C9CET7;KSMBR1_1723
Q1PZV7;KSMBR1_1622
Q1PWR8;KSMBR1_2571
Q1Q5P3;KSMBR1_3798
Q1Q681;KSMBR1_3319
Q1PZG8;KSMBR1_1481
Q1Q317;KSMBR1_0069
A0A2C9CKF2;KSMBR1_3729
Q1PY88;KSMBR1_1239
A0A2C9CJJ9;KSMBR1_3301
A0A2C9CEA1;KSMBR1_1595
Q1PW21;KSMBR1_2362
Q1PW20;KSMBR1_2363
Q1Q328;KSMBR1_0063
Q1Q659;KSMBR1_3296
Q1PZC8;KSMBR1_1448
Q1PWJ2;KSMBR1_2496
A0A2C9CFY1;KSMBR1_1975
A0A2C9CF06;KSMBR1_1981
A0A2C9CGN3;KSMBR1_2226
Q1Q7I6;KSMBR1_3027
A0A2C9CJG4;KSMBR1_3308
A0A2C9CG75;KSMBR1_2158
A0A2C9CG46;KSMBR1_2159
Q1Q4W7;KSMBR1_0316
Q1Q4J3;KSMBR1_0416
Q1Q2P2;KSMBR1_0637
A0A2C9CHV1;KSMBR1_2779
A0A2C9CKG0;KSMBR1_2780
A0A2C9CIU9;KSMBR1_3014
Q1PW67;KSMBR1_2401
Q1PXC8;KSMBR1_2892
A0A2C9CDD4;KSMBR1_1208
A0A2C9CCW5;KSMBR1_1043
A0A2C9CFM6;KSMBR1_1044
A0A2C9CAI1;KSMBR1_0188
Q1Q775;KSMBR1_3964
A0A2C9CH83;KSMBR1_2585
A0A2C9CLE5;KSMBR1_3936
Q1PUY3;KSMBR1_2009
A0A2C9CAV7;KSMBR1_0398
Q1PZD2;KSMBR1_1444
A0A2C9CIE7;KSMBR1_3013
A0A2C9CEY8;KSMBR1_1716
Q1PZG2;KSMBR1_1487
A0A2C9CGY0;KSMBR1_1508
Q1Q4M3;KSMBR1_0396
Q1PZK7;KSMBR1_1520
A0A2C9CCP6;KSMBR1_0949
A0A2C9CLS3;KSMBR1_4056
Q1PUI8;KSMBR1_3163
A0A2C9CGR6;KSMBR1_2388
A0A2C9CF25;KSMBR1_2001
A0A2C9CCK1;KSMBR1_1096
A0A2C9CJD5;KSMBR1_2389
A0A2C9CIS2;KSMBR1_3187
Q1Q401;KSMBR1_3580
A0A2C9CFX9;KSMBR1_1154
Q1PW16;KSMBR1_2353
Q1Q2C5;KSMBR1_0731
A0A2C9CEW4;KSMBR1_1753
A0A2C9CKI8;KSMBR1_3967
A0A2C9CHF8;KSMBR1_2598
A0A2C9CFE7;KSMBR1_1907
Q1Q1X9;KSMBR1_3046 KSMBR1_3554
Q1PWT6;KSMBR1_0591 KSMBR1_3734
Q1Q2I0;KSMBR1_0677
A0A2C9CI07;KSMBR1_3051
A0A2C9C9Q1;KSMBR1_0067 KSMBR1_0392 KSMBR1_0898 KSMBR1_1192 KSMBR1_3627 KSMBR1_3767 KSMBR1_3788
A0A2C9CDS6;KSMBR1_1346
A0A2C9CG03;KSMBR1_2334
A0A2C9CHE0;KSMBR1_2837 KSMBR1_3790 KSMBR1_4077
A0A2C9CJ36;KSMBR1_3105
A0A2C9CMX2;KSMBR1_3684
A0A2C9CA09;KSMBR1_0083
A0A2C9CJV1;KSMBR1_3451
A0A2C9CK77;KSMBR1_3846
A0A2C9CL13;KSMBR1_3889
A0A2C9CL38;KSMBR1_3919
A0A2C9CCE6;KSMBR1_1046
A0A2C9CCY1;KSMBR1_1047
A0A2C9CD40;KSMBR1_1119
Q1PYZ6;KSMBR1_1335
Q1Q0V4;KSMBR1_2724
Q1Q4R7;KSMBR1_0356
Q1Q5R3;KSMBR1_3781
A0A2C9CCZ9;KSMBR1_1067
A0A2C9CCY5;KSMBR1_1063
Q1PXH7;KSMBR1_2928
Q1PYW8;KSMBR1_1313
Q1PUY6;KSMBR1_2020
A0A2C9CIC5;KSMBR1_2019
Q1PYW9;KSMBR1_1312
Q1Q246;KSMBR1_0811
A0A2C9CB53;KSMBR1_0500
A0A2C9CGX4;KSMBR1_2672
Q1PX47;KSMBR1_2671
A0A2C9CFF7;KSMBR1_1918
Q1PZT0;KSMBR1_1594
Q1PZV4;KSMBR1_1625
A0A2C9CC36;KSMBR1_0760
Q1Q1G2;KSMBR1_1024
A0A2C9CK15;KSMBR1_2640
A0A2C9CJX1;KSMBR1_3549
Q1Q1P7;KSMBR1_0943
A0A2C9CB49;KSMBR1_0277
A0A2C9CKQ3;KSMBR1_2886
Q1PY25;KSMBR1_1919
Q1PXG5;KSMBR1_2921
Q1Q2J4;KSMBR1_0675
A0A2C9CAX7;KSMBR1_0525
A0A2C9CBW2;KSMBR1_0549
Q1Q123;KSMBR1_2789
A0A2C9CI08;KSMBR1_2803
A0A2C9CEV0;KSMBR1_1609
Q1PVM4;KSMBR1_2229
Q1PZL1;KSMBR1_1532
A0A2C9CBK0;KSMBR1_0429
A0A2C9CC64;KSMBR1_0785
A0A2C9CIN6;KSMBR1_2954
Q1Q2B4;KSMBR1_0737
A0A2C9CI70;KSMBR1_2899
A0A2C9CC18;KSMBR1_0908
A0A2C9CCI4;KSMBR1_0910
A0A2C9CC35;KSMBR1_0928
A0A2C9CJ70;KSMBR1_2322
Q1PXK2;KSMBR1_2952
A0A2C9CDP2;KSMBR1_1206
Q1PWE5;KSMBR1_2460
Q1PZF1;KSMBR1_1461
A0A2C9CET5;KSMBR1_1910
Q1PVF8;KSMBR1_2164
A0A2C9CIN9;KSMBR1_3292
A0A2C9CFD4;KSMBR1_1866
Q1Q607;KSMBR1_3266
A0A2C9CJR1;KSMBR1_3417
A0A2C9CBM7;KSMBR1_0758
A0A2C9CK20;KSMBR1_3786
A0A2C9CGC5;KSMBR1_2116
A0A2C9CFU0;KSMBR1_2117
Q1PUH7;KSMBR1_3155
Q1PZI7;KSMBR1_1501
Q1Q1I2;KSMBR1_1013
Q1Q1I3;KSMBR1_1014
A0A2C9CIE0;KSMBR1_3056
A0A2C9CL47;KSMBR1_3929
Q1PYG4;KSMBR1_1184
A0A2C9CGV6;KSMBR1_2298
Q1Q1I1;KSMBR1_1012
A0A2C9CJW6;KSMBR1_3496
A0A2C9CB09;KSMBR1_0555
A0A2C9CB83;KSMBR1_0530
A0A2C9CBT8;KSMBR1_0529
A0A2C9CD66;KSMBR1_1092
A0A2C9CCT8;KSMBR1_1091
A0A2C9CER4;KSMBR1_1687
A0A2C9CH19;KSMBR1_1548
A0A2C9CAU6;KSMBR1_0295
A0A2C9CAY4;KSMBR1_0430
A0A2C9CKM6;KSMBR1_3675
A0A2C9CHB6;KSMBR1_2511
A0A2C9CJF0;KSMBR1_3367
Q1PV41;KSMBR1_2062
Q1PV40;KSMBR1_2063
Q1PYG8;KSMBR1_1187
Q1Q1P5;KSMBR1_0942
Q1PYE3;KSMBR1_1203
Q1Q1G0;KSMBR1_1022
A0A2C9CGA6;KSMBR1_2442
Q1Q069;KSMBR1_1741
A0A2C9CKT1;KSMBR1_3710
Q1PZD1;KSMBR1_1445
A0A2C9CJJ8;KSMBR1_3418
Q1Q3Q8;KSMBR1_3524
Q1PZY5;KSMBR1_1672
A0A2C9CDY6;KSMBR1_1412
A0A2C9CGV8;KSMBR1_1488
Q1Q189;KSMBR1_1097
Q1Q4S4;KSMBR1_0363
Q1Q1H5;KSMBR1_1010
A0A2C9CGF8;KSMBR1_2329
Q1PZ17;KSMBR1_1349
Q1PXV6;KSMBR1_1846
Q1Q044;KSMBR1_1712
Q1Q1C6;KSMBR1_1069
A0A2C9CHV5;KSMBR1_3000
Q1Q6G6;KSMBR1_3388
Q1Q4B1;KSMBR1_0497
A0A2C9CBD6;KSMBR1_0498
A0A2C9CD95;KSMBR1_1167
A0A2C9CD93;KSMBR1_1168
Q1PVF4;KSMBR1_2168
Q1PUZ2;KSMBR1_2015
Q1Q786;KSMBR1_3962
A0A2C9C9K9;KSMBR1_0017
A0A2C9C9M9;KSMBR1_0037
A0A2C9C9P1;KSMBR1_0057
A0A2C9C9R1;KSMBR1_0078
A0A2C9C9T9;KSMBR1_0022
A0A2C9C9U1;KSMBR1_0108
A0A2C9C9V3;KSMBR1_0032
A0A2C9C9W4;KSMBR1_0129
A0A2C9C9Z0;KSMBR1_0062
A0A2C9C9Z5;KSMBR1_0008
A0A2C9C9Z6;KSMBR1_0159
A0A2C9C9Z8;KSMBR1_0009
A0A2C9CA00;KSMBR1_0004
A0A2C9CA02;KSMBR1_0010
A0A2C9CA05;KSMBR1_0018
A0A2C9CA08;KSMBR1_0019
A0A2C9CA10;KSMBR1_0014
A0A2C9CA12;KSMBR1_0020
A0A2C9CA14;KSMBR1_0028
A0A2C9CA18;KSMBR1_0029
A0A2C9CA22;KSMBR1_0030
A0A2C9CA27;KSMBR1_0038
A0A2C9CA29;KSMBR1_0103
A0A2C9CA35;KSMBR1_0003
A0A2C9CA45;KSMBR1_0013
A0A2C9CA53;KSMBR1_0054
A0A2C9CA54;KSMBR1_0023
A0A2C9CA58;KSMBR1_0222
A0A2C9CA66;KSMBR1_0232
A0A2C9CA69;KSMBR1_0242
A0A2C9CA71;KSMBR1_0253
A0A2C9CA73;KSMBR1_0079
A0A2C9CA77;KSMBR1_0091 KSMBR1_1111
A0A2C9CA80;KSMBR1_0263
A0A2C9CA92;KSMBR1_0100
A0A2C9CA98;KSMBR1_0283
A0A2C9CAA3;KSMBR1_0110
A0A2C9CAB0;KSMBR1_0293
A0A2C9CAB1;KSMBR1_0116
A0A2C9CAB2;KSMBR1_0006
A0A2C9CAB8;KSMBR1_0303
A0A2C9CAC6;KSMBR1_0197
A0A2C9CAC9;KSMBR1_0026
A0A2C9CAD0;KSMBR1_0001
A0A2C9CAD1;KSMBR1_0136
A0A2C9CAD3;KSMBR1_0141
A0A2C9CAD6;KSMBR1_0207
A0A2C9CAD8;KSMBR1_0036
A0A2C9CAE5;KSMBR1_0150
A0A2C9CAE6;KSMBR1_0217
A0A2C9CAE7;KSMBR1_0114
A0A2C9CAE9;KSMBR1_00156
A0A2C9CAF3;KSMBR1_0160
A0A2C9CAF6;KSMBR1_0227
A0A2C9CAF8;KSMBR1_0056 KSMBR1_3882
A0A2C9CAG0;KSMBR1_0166
A0A2C9CAG3;KSMBR1_0170
A0A2C9CAG4;KSMBR1_0172
A0A2C9CAG5;KSMBR1_0343
A0A2C9CAG7;KSMBR1_0237
A0A2C9CAH1;KSMBR1_0180
A0A2C9CAH3;KSMBR1_0041 KSMBR1_3894
A0A2C9CAI0;KSMBR1_0051 KSMBR1_0693 KSMBR1_3609 KSMBR1_3853
A0A2C9CAI2;KSMBR1_0258
A0A2C9CAI4;KSMBR1_0193
A0A2C9CAI7;KSMBR1_0195
A0A2C9CAI8;KSMBR1_0194
A0A2C9CAI9;KSMBR1_0199
A0A2C9CAJ1;KSMBR1_0373
A0A2C9CAJ2;KSMBR1_0268
A0A2C9CAJ5;KSMBR1_0097
A0A2C9CAK7;KSMBR1_0278
A0A2C9CAK9;KSMBR1_0219
A0A2C9CAL1;KSMBR1_0082
A0A2C9CAL2;KSMBR1_0187
A0A2C9CAL3;KSMBR1_0118
A0A2C9CAL4;KSMBR1_0225
A0A2C9CAL6;KSMBR1_0229
A0A2C9CAL7;KSMBR1_0224
A0A2C9CAL8;KSMBR1_0223
A0A2C9CAL9;KSMBR1_0288
A0A2C9CAM1;KSMBR1_0092
A0A2C9CAM2;KSMBR1_0198
A0A2C9CAM6;KSMBR1_0239
A0A2C9CAN0;KSMBR1_0102
A0A2C9CAN2;KSMBR1_0308
A0A2C9CAN3;KSMBR1_0208
A0A2C9CAN7;KSMBR1_0112
A0A2C9CAN8;KSMBR1_0318
A0A2C9CAN9;KSMBR1_0243
A0A2C9CAP0;KSMBR1_0250
A0A2C9CAP4;KSMBR1_0328
A0A2C9CAP6;KSMBR1_0435
A0A2C9CAP9;KSMBR1_0260
A0A2C9CAQ3;KSMBR1_0218
A0A2C9CAQ5;KSMBR1_0445
A0A2C9CAQ7;KSMBR1_0158
A0A2C9CAQ8;KSMBR1_0276
A0A2C9CAR2;KSMBR1_0228
A0A2C9CAR6;KSMBR1_0265
A0A2C9CAR8;KSMBR1_0286
A0A2C9CAS3;KSMBR1_0238 KSMBR1_3120
A0A2C9CAS5;KSMBR1_0465
A0A2C9CAS7;KSMBR1_0178
A0A2C9CAS9;KSMBR1_0290
A0A2C9CAT2;KSMBR1_0475
A0A2C9CAT3;KSMBR1_0284
A0A2C9CAT4;KSMBR1_0368
A0A2C9CAT5;KSMBR1_0249
A0A2C9CAT7;KSMBR1_0285
A0A2C9CAU1;KSMBR1_0485
A0A2C9CAU4;KSMBR1_0294
A0A2C9CAU9;KSMBR1_0310
A0A2C9CAV0;KSMBR1_0388
A0A2C9CAV3;KSMBR1_0173
A0A2C9CAV9;KSMBR1_0505
A0A2C9CAW2;KSMBR1_0314
A0A2C9CAW5;KSMBR1_0221
A0A2C9CAW8;KSMBR1_0515
A0A2C9CAW9;KSMBR1_0196
A0A2C9CAX0;KSMBR1_0315
A0A2C9CAX1;KSMBR1_0289
A0A2C9CAX6;KSMBR1_0206
A0A2C9CAX8;KSMBR1_0324
A0A2C9CAX9;KSMBR1_0231
A0A2C9CAY9;KSMBR1_0535
A0A2C9CAZ0;KSMBR1_0309
A0A2C9CAZ1;KSMBR1_0241
A0A2C9CAZ3;KSMBR1_0440
A0A2C9CAZ4;KSMBR1_0226
A0A2C9CB00;KSMBR1_0545
A0A2C9CB01;KSMBR1_0252
A0A2C9CB04;KSMBR1_0236
A0A2C9CB11;KSMBR1_0262
A0A2C9CB12;KSMBR1_0460
A0A2C9CB15;KSMBR1_0386
A0A2C9CB30;KSMBR1_0375
A0A2C9CB31;KSMBR1_0390
A0A2C9CB32;KSMBR1_0384
A0A2C9CB43;KSMBR1_0282
A0A2C9CB47;KSMBR1_0395
A0A2C9CB52;KSMBR1_0287
A0A2C9CB56;KSMBR1_0369
A0A2C9CB63;KSMBR1_0510
A0A2C9CB71;KSMBR1_0438
A0A2C9CB72;KSMBR1_0520
A0A2C9CB75;KSMBR1_0436
A0A2C9CB84;KSMBR1_0399
A0A2C9CB86;KSMBR1_0442
A0A2C9CB89;KSMBR1_0635
A0A2C9CB91;KSMBR1_0437
A0A2C9CB94;KSMBR1_0456
A0A2C9CB97;KSMBR1_0468
A0A2C9CB98;KSMBR1_0645
A0A2C9CBA2;KSMBR1_0466
A0A2C9CBA5;KSMBR1_0332
A0A2C9CBA8;KSMBR1_0472
A0A2C9CBB1;KSMBR1_0337
A0A2C9CBB2;KSMBR1_0431
A0A2C9CBB4;KSMBR1_0476
A0A2C9CBB5;KSMBR1_0478
A0A2C9CBB8;KSMBR1_0441
A0A2C9CBC5;KSMBR1_0451
A0A2C9CBD3;KSMBR1_0502
A0A2C9CBD5;KSMBR1_0461
A0A2C9CBD9;KSMBR1_0590
A0A2C9CBE3;KSMBR1_0508
A0A2C9CBE4;KSMBR1_0496
A0A2C9CBE5;KSMBR1_0512
A0A2C9CBE7;KSMBR1_0518
A0A2C9CBF2;KSMBR1_0506
A0A2C9CBF3;KSMBR1_0481
A0A2C9CBF5;KSMBR1_0522
A0A2C9CBF6;KSMBR1_0517
A0A2C9CBF8;KSMBR1_0387
A0A2C9CBF9;KSMBR1_0532
A0A2C9CBG3;KSMBR1_0528
A0A2C9CBG4;KSMBR1_0610
A0A2C9CBG5;KSMBR1_0527
A0A2C9CBG9;KSMBR1_0526
A0A2C9CBH1;KSMBR1_0537
A0A2C9CBH2;KSMBR1_0542
A0A2C9CBH6;KSMBR1_0501
A0A2C9CBH7;KSMBR1_0538
A0A2C9CBI1;KSMBR1_0547
A0A2C9CBI3;KSMBR1_0552
A0A2C9CBI6;KSMBR1_0511
A0A2C9CBI7;KSMBR1_0548
A0A2C9CBI9;KSMBR1_0557
A0A2C9CBJ0;KSMBR1_0562
A0A2C9CBJ3;KSMBR1_0521
A0A2C9CBK5;KSMBR1_0434
A0A2C9CBK7;KSMBR1_0556
A0A2C9CBK8;KSMBR1_0439
A0A2C9CBL3;KSMBR1_0444
A0A2C9CBL5;KSMBR1_0660
A0A2C9CBL7;KSMBR1_0748
A0A2C9CBM5;KSMBR1_0598
A0A2C9CBM9;KSMBR1_0541
A0A2C9CBN1;KSMBR1_0464
A0A2C9CBN5;KSMBR1_0607
A0A2C9CBN6;KSMBR1_0612
A0A2C9CBN9;KSMBR1_0551
A0A2C9CBP6;KSMBR1_0778
A0A2C9CBP7;KSMBR1_0617
A0A2C9CBQ1;KSMBR1_0484
A0A2C9CBQ2;KSMBR1_0489
A0A2C9CBQ7;KSMBR1_0703
A0A2C9CBR0;KSMBR1_0632
A0A2C9CBR1;KSMBR1_0494
A0A2C9CBR2;KSMBR1_0499
A0A2C9CBR5;KSMBR1_0713
A0A2C9CBR6;KSMBR1_0616
A0A2C9CBR7;KSMBR1_0581
A0A2C9CBS1;KSMBR1_0509
A0A2C9CBS3;KSMBR1_0723
A0A2C9CBT1;KSMBR1_0519
A0A2C9CBT4;KSMBR1_0733
A0A2C9CBT7;KSMBR1_0524
A0A2C9CBU0;KSMBR1_0828
A0A2C9CBU3;KSMBR1_0658
A0A2C9CBU5;KSMBR1_0667
A0A2C9CBU8;KSMBR1_0534
A0A2C9CBV0;KSMBR1_0838
A0A2C9CBV4;KSMBR1_0668
A0A2C9CBV5;KSMBR1_0679
A0A2C9CBV7;KSMBR1_0544
A0A2C9CBV8;KSMBR1_0848
A0A2C9CBW0;KSMBR1_0684
A0A2C9CBW3;KSMBR1_0689
A0A2C9CBW4;KSMBR1_0680
A0A2C9CBX1;KSMBR1_0042 KSMBR1_0050 KSMBR1_0087 KSMBR1_0694 KSMBR1_1115 KSMBR1_2133 KSMBR1_2678 KSMBR1_3099 KSMBR1_3113 KSMBR1_3610 KSMBR1_3658 KSMBR1_3680 KSMBR1_3854
A0A2C9CBX3;KSMBR1_0699
A0A2C9CBX4;KSMBR1_0690
A0A2C9CBX9;KSMBR1_0868
A0A2C9CBY3;KSMBR1_0710
A0A2C9CBY8;KSMBR1_0878
A0A2C9CBZ2;KSMBR1_0715
A0A2C9CBZ9;KSMBR1_0698
A0A2C9CC00;KSMBR1_0725
A0A2C9CC01;KSMBR1_0589
A0A2C9CC16;KSMBR1_0740
A0A2C9CC20;KSMBR1_0609
A0A2C9CC21;KSMBR1_0745
A0A2C9CC23;KSMBR1_0683
A0A2C9CC24;KSMBR1_0614
A0A2C9CC26;KSMBR1_0918
A0A2C9CC29;KSMBR1_0741
A0A2C9CC31;KSMBR1_0755
A0A2C9CC44;KSMBR1_0634
A0A2C9CC48;KSMBR1_0761
A0A2C9CC49;KSMBR1_0749
A0A2C9CC50;KSMBR1_0853
A0A2C9CC51;KSMBR1_0639
A0A2C9CC53;KSMBR1_0775
A0A2C9CC54;KSMBR1_0644
A0A2C9CC56;KSMBR1_0948
A0A2C9CC60;KSMBR1_0649
A0A2C9CC61;KSMBR1_0863
A0A2C9CC72;KSMBR1_0873
A0A2C9CC80;KSMBR1_0779
A0A2C9CC90;KSMBR1_0681
A0A2C9CC91;KSMBR1_0893
A0A2C9CC92;KSMBR1_0686
A0A2C9CCA4;KSMBR1_0825
A0A2C9CCB0;KSMBR1_0821
A0A2C9CCB1;KSMBR1_0913
A0A2C9CCB6;KSMBR1_0840
A0A2C9CCC1;KSMBR1_0845
A0A2C9CCC2;KSMBR1_0923
A0A2C9CCC5;KSMBR1_1025
A0A2C9CCC6;KSMBR1_0850
A0A2C9CCC8;KSMBR1_0841
A0A2C9CCD1;KSMBR1_0855
A0A2C9CCD8;KSMBR1_0732
A0A2C9CCD9;KSMBR1_0851
A0A2C9CCE0;KSMBR1_0839
A0A2C9CCE1;KSMBR1_0865
A0A2C9CCE4;KSMBR1_0870
A0A2C9CCE7;KSMBR1_0849
A0A2C9CCE8;KSMBR1_0861
A0A2C9CCF2;KSMBR1_0880
A0A2C9CCF6;KSMBR1_0747
A0A2C9CCF9;KSMBR1_0859
A0A2C9CCG0;KSMBR1_0752
A0A2C9CCG2;KSMBR1_0757
A0A2C9CCG4;KSMBR1_0869
A0A2C9CCG5;KSMBR1_0890
A0A2C9CCG8;KSMBR1_0881
A0A2C9CCH1;KSMBR1_0895
A0A2C9CCH2;KSMBR1_0879
A0A2C9CCH3;KSMBR1_0900
A0A2C9CCH5;KSMBR1_0834
A0A2C9CCH7;KSMBR1_0973
A0A2C9CCH9;KSMBR1_1076
A0A2C9CCI1;KSMBR1_0905
A0A2C9CCI2;KSMBR1_0889
A0A2C9CCI7;KSMBR1_0777
A0A2C9CCI9;KSMBR1_1086
A0A2C9CCJ3;KSMBR1_0911
A0A2C9CCJ4;KSMBR1_0854
A0A2C9CCJ6;KSMBR1_0899
A0A2C9CCJ7;KSMBR1_0920
A0A2C9CCK0;KSMBR1_0925
A0A2C9CCK3;KSMBR1_0921
A0A2C9CCK4;KSMBR1_0864
A0A2C9CCL0;KSMBR1_0935
A0A2C9CCL2;KSMBR1_0874
A0A2C9CCL4;KSMBR1_0931
A0A2C9CCL7;KSMBR1_1020
A0A2C9CCM2;KSMBR1_0884
A0A2C9CCM5;KSMBR1_0950
A0A2C9CCM7;KSMBR1_0929
A0A2C9CCN0;KSMBR1_0894
A0A2C9CCN2;KSMBR1_0827
A0A2C9CCN4;KSMBR1_0951
A0A2C9CCN7;KSMBR1_0939
A0A2C9CCP1;KSMBR1_1136
A0A2C9CCP2;KSMBR1_0837
A0A2C9CCQ0;KSMBR1_0914
A0A2C9CCQ3;KSMBR1_0971
A0A2C9CCR0;KSMBR1_0924
A0A2C9CCR2;KSMBR1_0857
A0A2C9CCR3;KSMBR1_0981
A0A2C9CCR6;KSMBR1_0995
A0A2C9CCR7;KSMBR1_0862
A0A2C9CCR8;KSMBR1_1071
A0A2C9CCS1;KSMBR1_0867
A0A2C9CCS2;KSMBR1_1166
A0A2C9CCS5;KSMBR1_0872
A0A2C9CCS8;KSMBR1_0005
A0A2C9CCT1;KSMBR1_0877
A0A2C9CCT3;KSMBR1_1006
A0A2C9CCT6;KSMBR1_0882
A0A2C9CCU1;KSMBR1_0887
A0A2C9CCU3;KSMBR1_1004
A0A2C9CCV5;KSMBR1_1032
A0A2C9CCV8;KSMBR1_0035
A0A2C9CCW6;KSMBR1_0912
A0A2C9CCW8;KSMBR1_1048
A0A2C9CCX1;KSMBR1_0917
A0A2C9CCX2;KSMBR1_1049
A0A2C9CCX3;KSMBR1_1217
A0A2C9CCX4;KSMBR1_1121
A0A2C9CCX6;KSMBR1_0055
A0A2C9CCX7;KSMBR1_0922
A0A2C9CCY0;KSMBR1_0927
A0A2C9CCY3;KSMBR1_1059
A0A2C9CCY4;KSMBR1_1131
A0A2C9CCY7;KSMBR1_0932
A0A2C9CCY8;KSMBR1_0111 KSMBR1_0147 KSMBR1_0192 KSMBR1_0312 KSMBR1_0432 KSMBR1_0471 KSMBR1_0937 KSMBR1_1568 KSMBR1_1647 KSMBR1_1664 KSMBR1_1958 KSMBR1_2504 KSMBR1_2542 KSMBR1_2609 KSMBR1_3075 KSMBR1_3201 KSMBR1_3686 KSMBR1_3969 KSMBR1_4043
A0A2C9CCZ1;KSMBR1_1237
A0A2C9CD03;KSMBR1_1078
A0A2C9CD09;KSMBR1_1031
A0A2C9CD10;KSMBR1_1089
A0A2C9CD14;KSMBR1_0096
A0A2C9CD27;KSMBR1_0977
A0A2C9CD28;KSMBR1_1109
A0A2C9CD33;KSMBR1_0117
A0A2C9CD45;KSMBR1_0997
A0A2C9CD49;KSMBR1_1123
A0A2C9CD54;KSMBR1_1007
A0A2C9CD56;KSMBR1_1127
A0A2C9CD58;KSMBR1_1133
A0A2C9CD64;KSMBR1_1017
A0A2C9CD65;KSMBR1_1307
A0A2C9CD67;KSMBR1_1212
A0A2C9CD69;KSMBR1_1137
A0A2C9CD72;KSMBR1_0157
A0A2C9CD75;KSMBR1_1147
A0A2C9CD76;KSMBR1_1222
A0A2C9CD78;KSMBR1_1153
A0A2C9CD79;KSMBR1_1034
A0A2C9CD80;KSMBR1_1102
A0A2C9CD83;KSMBR1_1158
A0A2C9CD85;KSMBR1_1040
A0A2C9CD86;KSMBR1_1045
A0A2C9CD91;KSMBR1_0177
A0A2C9CD96;KSMBR1_1050
A0A2C9CD97;KSMBR1_1338
A0A2C9CDA1;KSMBR1_0190
A0A2C9CDA7;KSMBR1_1252
A0A2C9CDB0;KSMBR1_1189
A0A2C9CDB3;KSMBR1_0200
A0A2C9CDB7;KSMBR1_1262
A0A2C9CDC1;KSMBR1_0210
A0A2C9CDC3;KSMBR1_1200
A0A2C9CDC7;KSMBR1_1272
A0A2C9CDD2;KSMBR1_0220
A0A2C9CDD6;KSMBR1_1209
A0A2C9CDD9;KSMBR1_1162
A0A2C9CDE3;KSMBR1_1105
A0A2C9CDE6;KSMBR1_1100
A0A2C9CDE8;KSMBR1_1292
A0A2C9CDF2;KSMBR1_0240
A0A2C9CDF6;KSMBR1_1228
A0A2C9CDF8;KSMBR1_1302
A0A2C9CDF9;KSMBR1_1234
A0A2C9CDG2;KSMBR1_0251 KSMBR1_0604 KSMBR1_1570
A0A2C9CDG4;KSMBR1_1120
A0A2C9CDG6;KSMBR1_1410
A0A2C9CDH2;KSMBR1_0261
A0A2C9CDH3;KSMBR1_1248
A0A2C9CDH4;KSMBR1_1130
A0A2C9CDH5;KSMBR1_1135
A0A2C9CDH6;KSMBR1_1249
A0A2C9CDI4;KSMBR1_1258
A0A2C9CDI6;KSMBR1_1145
A0A2C9CDI8;KSMBR1_1333
A0A2C9CDI9;KSMBR1_1264
A0A2C9CDJ2;KSMBR1_0281
A0A2C9CDJ3;KSMBR1_1269
A0A2C9CDJ5;KSMBR1_1268
A0A2C9CDJ9;KSMBR1_1280
A0A2C9CDK0;KSMBR1_1279
A0A2C9CDK2;KSMBR1_0291
A0A2C9CDK9;KSMBR1_1290
A0A2C9CDL3;KSMBR1_1288
A0A2C9CDL4;KSMBR1_1233
A0A2C9CDL6;KSMBR1_1460
A0A2C9CDL8;KSMBR1_1294
A0A2C9CDM1;KSMBR1_1300
A0A2C9CDM2;KSMBR1_1185
A0A2C9CDM7;KSMBR1_1304
A0A2C9CDM9;KSMBR1_0321
A0A2C9CDN1;KSMBR1_1310
A0A2C9CDN2;KSMBR1_1309
A0A2C9CDN6;KSMBR1_1308
A0A2C9CDN7;KSMBR1_1374
A0A2C9CDN8;KSMBR1_1315
A0A2C9CDN9;KSMBR1_1490
A0A2C9CDP3;KSMBR1_1263
A0A2C9CDP4;KSMBR1_1201
A0A2C9CDP8;KSMBR1_0331
A0A2C9CDR1;KSMBR1_1283
A0A2C9CDR7;KSMBR1_1340
A0A2C9CDR8;KSMBR1_1339
A0A2C9CDS0;KSMBR1_1236
A0A2C9CDS5;KSMBR1_1231
A0A2C9CDS9;KSMBR1_1303
A0A2C9CDT3;KSMBR1_0371
A0A2C9CDT6;KSMBR1_1356
A0A2C9CDT7;KSMBR1_1361
A0A2C9CDU0;KSMBR1_1360
A0A2C9CDU6;KSMBR1_1251
A0A2C9CDU8;KSMBR1_1266
A0A2C9CDV2;KSMBR1_0391
A0A2C9CDW0;KSMBR1_1392
A0A2C9CDW1;KSMBR1_1380
A0A2C9CDW4;KSMBR1_0401
A0A2C9CDW9;KSMBR1_1286
A0A2C9CDX1;KSMBR1_1390
A0A2C9CDX2;KSMBR1_0413
A0A2C9CDY5;KSMBR1_1291
A0A2C9CDY7;KSMBR1_1355
A0A2C9CDY8;KSMBR1_0433
A0A2C9CDZ0;KSMBR1_1411
A0A2C9CDZ3;KSMBR1_1306
A0A2C9CDZ5;KSMBR1_1422
A0A2C9CDZ6;KSMBR1_1365
A0A2C9CDZ7;KSMBR1_1301
A0A2C9CDZ8;KSMBR1_1421
A0A2C9CE18;KSMBR1_0463
A0A2C9CE22;KSMBR1_1337
A0A2C9CE31;KSMBR1_1332
A0A2C9CE39;KSMBR1_1473
A0A2C9CE43;KSMBR1_1348
A0A2C9CE44;KSMBR1_1472
A0A2C9CE48;KSMBR1_0970 KSMBR1_1417 KSMBR1_1660 KSMBR1_3999
A0A2C9CE49;KSMBR1_1477
A0A2C9CE57;KSMBR1_1670
A0A2C9CE58;KSMBR1_1555
A0A2C9CE59;KSMBR1_1353
A0A2C9CE64;KSMBR1_0513
A0A2C9CE67;KSMBR1_1680
A0A2C9CE69;KSMBR1_1565
A0A2C9CE73;KSMBR1_1503
A0A2C9CE75;KSMBR1_1502
A0A2C9CE77;KSMBR1_1690
A0A2C9CE78;KSMBR1_0533
A0A2C9CE80;KSMBR1_1575
A0A2C9CE85;KSMBR1_1512
A0A2C9CE89;KSMBR1_1383
A0A2C9CE91;KSMBR1_1398
A0A2C9CE97;KSMBR1_1710
A0A2C9CE98;KSMBR1_0553
A0A2C9CEA8;KSMBR1_0563
A0A2C9CEB1;KSMBR1_1605
A0A2C9CEC7;KSMBR1_1439
A0A2C9CEC8;KSMBR1_0583
A0A2C9CEC9;KSMBR1_1740
A0A2C9CED2;KSMBR1_1557
A0A2C9CED3;KSMBR1_0214 KSMBR1_1561
A0A2C9CEE2;KSMBR1_1567
A0A2C9CEE3;KSMBR1_1571
A0A2C9CEE5;KSMBR1_1572
A0A2C9CEE7;KSMBR1_0603
A0A2C9CEG0;KSMBR1_1454
A0A2C9CEG2;KSMBR1_1655
A0A2C9CEG7;KSMBR1_0623
A0A2C9CEG9;KSMBR1_1464
A0A2C9CEH2;KSMBR1_1665
A0A2C9CEH3;KSMBR1_1602
A0A2C9CEH4;KSMBR1_1601
A0A2C9CEH7;KSMBR1_1603
A0A2C9CEH9;KSMBR1_0633
A0A2C9CEI8;KSMBR1_0643
A0A2C9CEJ0;KSMBR1_1617
A0A2C9CEJ7;KSMBR1_1566
A0A2C9CEK0;KSMBR1_1627
A0A2C9CEK6;KSMBR1_0663
A0A2C9CEK7;KSMBR1_1576
A0A2C9CEL3;KSMBR1_1586
A0A2C9CEM0;KSMBR1_1830
A0A2C9CEM3;KSMBR1_1651
A0A2C9CEM4;KSMBR1_1652
A0A2C9CEM8;KSMBR1_1653
A0A2C9CEN2;KSMBR1_1661
A0A2C9CEN3;KSMBR1_1657
A0A2C9CEN7;KSMBR1_1663
A0A2C9CEN9;KSMBR1_1534
A0A2C9CEP5;KSMBR1_1667
A0A2C9CEP9;KSMBR1_1544
A0A2C9CEQ0;KSMBR1_1860
A0A2C9CEQ1;KSMBR1_1569
A0A2C9CEQ3;KSMBR1_1677 KSMBR1_3048 KSMBR1_4033
A0A2C9CEQ8;KSMBR1_1745
A0A2C9CER0;KSMBR1_1870
A0A2C9CER9;KSMBR1_1880
A0A2C9CES0;KSMBR1_0045 KSMBR1_0047 KSMBR1_0084 KSMBR1_0211 KSMBR1_0486 KSMBR1_0697 KSMBR1_1118 KSMBR1_1564 KSMBR1_2136 KSMBR1_2675 KSMBR1_3102 KSMBR1_3110 KSMBR1_3613 KSMBR1_3655 KSMBR1_3683 KSMBR1_3857 KSMBR1_3890
A0A2C9CES2;KSMBR1_1646
A0A2C9CES6;KSMBR1_1656
A0A2C9CES8;KSMBR1_1574
A0A2C9CET2;KSMBR1_1697
A0A2C9CET3;KSMBR1_1775
A0A2C9CET6;KSMBR1_1584
A0A2C9CET9;KSMBR1_1666
A0A2C9CEU3;KSMBR1_1707
A0A2C9CEU7;KSMBR1_1733
A0A2C9CEU8;KSMBR1_1676
A0A2C9CEU9;KSMBR1_1722
A0A2C9CEV1;KSMBR1_0756
A0A2C9CEV7;KSMBR1_1604
A0A2C9CEV8;KSMBR1_1686
A0A2C9CEV9;KSMBR1_1732
A0A2C9CEW2;KSMBR1_0766
A0A2C9CEW8;KSMBR1_1696
A0A2C9CEX1;KSMBR1_1742
A0A2C9CEX4;KSMBR1_1951
A0A2C9CEX7;KSMBR1_1624
A0A2C9CEY1;KSMBR1_1752
A0A2C9CEY2;KSMBR1_1825
A0A2C9CEY4;KSMBR1_1751
A0A2C9CEY5;KSMBR1_1961
A0A2C9CEY6;KSMBR1_1747
A0A2C9CEZ1;KSMBR1_1649
A0A2C9CEZ4;KSMBR1_1761
A0A2C9CEZ5;KSMBR1_1971
A0A2C9CF00;KSMBR1_1659
A0A2C9CF05;KSMBR1_1767
A0A2C9CF07;KSMBR1_1654
A0A2C9CF08;KSMBR1_1736
A0A2C9CF11;KSMBR1_1803
A0A2C9CF16;KSMBR1_1781
A0A2C9CF18;KSMBR1_1746
A0A2C9CF19;KSMBR1_1679
A0A2C9CF21;KSMBR1_0826
A0A2C9CF24;KSMBR1_1674
A0A2C9CF33;KSMBR1_1875
A0A2C9CF36;KSMBR1_1766
A0A2C9CF39;KSMBR1_1812
A0A2C9CF41;KSMBR1_0846
A0A2C9CF44;KSMBR1_1811
A0A2C9CF49;KSMBR1_1822
A0A2C9CF51;KSMBR1_0856
A0A2C9CF52;KSMBR1_1843
A0A2C9CF54;KSMBR1_1821
A0A2C9CF58;KSMBR1_2031
A0A2C9CF61;KSMBR1_0866
A0A2C9CF67;KSMBR1_1831
A0A2C9CF69;KSMBR1_2041
A0A2C9CF70;KSMBR1_1842
A0A2C9CF71;KSMBR1_0876
A0A2C9CF74;KSMBR1_1841
A0A2C9CF75;KSMBR1_1724
A0A2C9CF77;KSMBR1_2051
A0A2C9CF79;KSMBR1_1739
A0A2C9CF85;KSMBR1_1734
A0A2C9CF87;KSMBR1_1862
A0A2C9CF89;KSMBR1_1749
A0A2C9CF94;KSMBR1_1861
A0A2C9CF97;KSMBR1_1872
A0A2C9CF99;KSMBR1_1759
A0A2C9CFA0;KSMBR1_0906
A0A2C9CFA4;KSMBR1_1871
A0A2C9CFA6;KSMBR1_1867
A0A2C9CFB2;KSMBR1_1903
A0A2C9CFB7;KSMBR1_2092
A0A2C9CFB8;KSMBR1_1779
A0A2C9CFB9;KSMBR1_0926
A0A2C9CFC1;KSMBR1_1956
A0A2C9CFC7;KSMBR1_0767 KSMBR1_0919 KSMBR1_1134 KSMBR1_1243 KSMBR1_2102 KSMBR1_2121 KSMBR1_2969 KSMBR1_3129 KSMBR1_3304
A0A2C9CFC9;KSMBR1_0936
A0A2C9CFE2;KSMBR1_1976
A0A2C9CFE5;KSMBR1_1809
A0A2C9CFE6;KSMBR1_1876
A0A2C9CFE8;KSMBR1_2122
A0A2C9CFF1;KSMBR1_1986
A0A2C9CFF6;KSMBR1_1922
A0A2C9CFF9;KSMBR1_0966
A0A2C9CFG3;KSMBR1_1954
A0A2C9CFH2;KSMBR1_1964
A0A2C9CFH9;KSMBR1_2152
A0A2C9CFI2;KSMBR1_1974
A0A2C9CFI5;KSMBR1_1953
A0A2C9CFI8;KSMBR1_1952
A0A2C9CFJ1;KSMBR1_1984
A0A2C9CFJ4;KSMBR1_1963
A0A2C9CFK0;KSMBR1_1869
A0A2C9CFK7;KSMBR1_1972
A0A2C9CFK8;KSMBR1_1973
A0A2C9CFK9;KSMBR1_2036
A0A2C9CFL2;KSMBR1_1978
A0A2C9CFL5;KSMBR1_1947
A0A2C9CFL6;KSMBR1_1983
A0A2C9CFL7;KSMBR1_1033
A0A2C9CFL8;KSMBR1_1982
A0A2C9CFM2;KSMBR1_1988
A0A2C9CFM7;KSMBR1_1992
A0A2C9CFM9;KSMBR1_1874
A0A2C9CFN1;KSMBR1_2024
A0A2C9CFN3;KSMBR1_2212
A0A2C9CFP5;KSMBR1_1977
A0A2C9CFQ2;KSMBR1_2234
A0A2C9CFQ4;KSMBR1_1074
A0A2C9CFQ6;KSMBR1_2018
A0A2C9CFS0;KSMBR1_2097
A0A2C9CFS8;KSMBR1_1950
A0A2C9CFT3;KSMBR1_2264
A0A2C9CFT4;KSMBR1_2075
A0A2C9CFT6;KSMBR1_2048
A0A2C9CFU2;KSMBR1_0088 KSMBR1_0215 KSMBR1_0490 KSMBR1_1114 KSMBR1_1560 KSMBR1_2132 KSMBR1_2679 KSMBR1_3098 KSMBR1_3114 KSMBR1_3659 KSMBR1_3679
A0A2C9CFU3;KSMBR1_2274
A0A2C9CFU5;KSMBR1_1970
A0A2C9CFU9;KSMBR1_2127
A0A2C9CFV0;KSMBR1_1945
A0A2C9CFV4;KSMBR1_2284
A0A2C9CFV5;KSMBR1_1980
A0A2C9CFV7;KSMBR1_2073
A0A2C9CFV9;KSMBR1_1955
A0A2C9CFW0;KSMBR1_2137
A0A2C9CFW3;KSMBR1_2105
A0A2C9CFX0;KSMBR1_1144
A0A2C9CFX1;KSMBR1_2115
A0A2C9CFX2;KSMBR1_2147
A0A2C9CFX3;KSMBR1_2304
A0A2C9CFX6;KSMBR1_2094
A0A2C9CFX7;KSMBR1_2093
A0A2C9CFX8;KSMBR1_2089
A0A2C9CFY2;KSMBR1_2125
A0A2C9CFY3;KSMBR1_2010
A0A2C9CFY4;KSMBR1_2314
A0A2C9CFY5;KSMBR1_2068
A0A2C9CFY6;KSMBR1_2103
A0A2C9CFY7;KSMBR1_2104
A0A2C9CFZ7;KSMBR1_2113
A0A2C9CFZ8;KSMBR1_2109
A0A2C9CG05;KSMBR1_2124
A0A2C9CG07;KSMBR1_2123
A0A2C9CG08;KSMBR1_2119
A0A2C9CG12;KSMBR1_2344
A0A2C9CG14;KSMBR1_2040
A0A2C9CG16;KSMBR1_2098
A0A2C9CG21;KSMBR1_2050
A0A2C9CG33;KSMBR1_2153
A0A2C9CG36;KSMBR1_2149
A0A2C9CG42;KSMBR1_2217
A0A2C9CG44;KSMBR1_2128
A0A2C9CG55;KSMBR1_2138
A0A2C9CG57;KSMBR1_2174
A0A2C9CG58;KSMBR1_2391
A0A2C9CG61;KSMBR1_1235
A0A2C9CG62;KSMBR1_2091
A0A2C9CG68;KSMBR1_2179
A0A2C9CG72;KSMBR1_2101
A0A2C9CG76;KSMBR1_2411
A0A2C9CG78;KSMBR1_2189
A0A2C9CG79;KSMBR1_1255
A0A2C9CG81;KSMBR1_2111
A0A2C9CG87;KSMBR1_2422
A0A2C9CG88;KSMBR1_2199
A0A2C9CG89;KSMBR1_2237
A0A2C9CG93;KSMBR1_2269
A0A2C9CG95;KSMBR1_2178
A0A2C9CG96;KSMBR1_2214
A0A2C9CG97;KSMBR1_2432
A0A2C9CG98;KSMBR1_2209
A0A2C9CGA2;KSMBR1_2223
A0A2C9CGA3;KSMBR1_2279
A0A2C9CGA4;KSMBR1_2096
A0A2C9CGA5;KSMBR1_2188
A0A2C9CGA7;KSMBR1_2224
A0A2C9CGB2;KSMBR1_2289
A0A2C9CGB7;KSMBR1_2106
A0A2C9CGB8;KSMBR1_2198
A0A2C9CGC3;KSMBR1_2462
A0A2C9CGC4;KSMBR1_2208
A0A2C9CGC8;KSMBR1_2299
A0A2C9CGD0;KSMBR1_1305
A0A2C9CGD3;KSMBR1_2218
A0A2C9CGD4;KSMBR1_2126
A0A2C9CGD8;KSMBR1_2309
A0A2C9CGE1;KSMBR1_2265
A0A2C9CGE6;KSMBR1_2261
A0A2C9CGE7;KSMBR1_2266
A0A2C9CGF4;KSMBR1_2240
A0A2C9CGF5;KSMBR1_2297
A0A2C9CGF6;KSMBR1_2276
A0A2C9CGF7;KSMBR1_2271
A0A2C9CGF9;KSMBR1_2191
A0A2C9CGG1;KSMBR1_2502
A0A2C9CGG3;KSMBR1_2156
A0A2C9CGG4;KSMBR1_2285
A0A2C9CGG5;KSMBR1_2307
A0A2C9CGG7;KSMBR1_2286
A0A2C9CGG8;KSMBR1_2281
A0A2C9CGG9;KSMBR1_2201
A0A2C9CGH0;KSMBR1_2512
A0A2C9CGH2;KSMBR1_2295
A0A2C9CGH3;KSMBR1_2296
A0A2C9CGH5;KSMBR1_2260
A0A2C9CGH6;KSMBR1_2211
A0A2C9CGH8;KSMBR1_1347
A0A2C9CGH9;KSMBR1_2355
A0A2C9CGI0;KSMBR1_2522
A0A2C9CGI1;KSMBR1_2221
A0A2C9CGI2;KSMBR1_2301
A0A2C9CGI3;KSMBR1_2327
A0A2C9CGI4;KSMBR1_2270
A0A2C9CGI6;KSMBR1_2306
A0A2C9CGI7;KSMBR1_2305
A0A2C9CGI9;KSMBR1_2532
A0A2C9CGJ1;KSMBR1_2280
A0A2C9CGJ4;KSMBR1_2337
A0A2C9CGJ6;KSMBR1_2316
A0A2C9CGJ7;KSMBR1_2315
A0A2C9CGK1;KSMBR1_2321
A0A2C9CGK2;KSMBR1_2290
A0A2C9CGK5;KSMBR1_2326
A0A2C9CGK6;KSMBR1_2325
A0A2C9CGK8;KSMBR1_2552
A0A2C9CGL3;KSMBR1_2336
A0A2C9CGL4;KSMBR1_2206
A0A2C9CGL7;KSMBR1_2335
A0A2C9CGM0;KSMBR1_2341
A0A2C9CGM2;KSMBR1_2310
A0A2C9CGM6;KSMBR1_2406
A0A2C9CGM7;KSMBR1_2572
A0A2C9CGM8;KSMBR1_2346
A0A2C9CGN1;KSMBR1_1408
A0A2C9CGN2;KSMBR1_2273
A0A2C9CGN4;KSMBR1_2345
A0A2C9CGN8;KSMBR1_1418
A0A2C9CGP1;KSMBR1_2330
A0A2C9CGP5;KSMBR1_2592
A0A2C9CGP6;KSMBR1_2427
A0A2C9CGQ0;KSMBR1_2394 KSMBR1_2842
A0A2C9CGQ2;KSMBR1_2437
A0A2C9CGQ7;KSMBR1_2378
A0A2C9CGQ8;KSMBR1_1438
A0A2C9CGQ9;KSMBR1_2404
A0A2C9CGR2;KSMBR1_2447
A0A2C9CGR3;KSMBR1_2303
A0A2C9CGR4;KSMBR1_2612
A0A2C9CGR5;KSMBR1_2258
A0A2C9CGR9;KSMBR1_2457
A0A2C9CGS2;KSMBR1_2313
A0A2C9CGS3;KSMBR1_2392
A0A2C9CGS5;KSMBR1_2268
A0A2C9CGS7;KSMBR1_2425
A0A2C9CGT0;KSMBR1_2403
A0A2C9CGT5;KSMBR1_2278
A0A2C9CGT6;KSMBR1_2408
A0A2C9CGT8;KSMBR1_1468
A0A2C9CGU0;KSMBR1_2412
A0A2C9CGU3;KSMBR1_2333
A0A2C9CGU5;KSMBR1_2418
A0A2C9CGU6;KSMBR1_2288
A0A2C9CGU9;KSMBR1_2487
A0A2C9CGV1;KSMBR1_2424
A0A2C9CGV2;KSMBR1_2423
A0A2C9CGV3;KSMBR1_2343
A0A2C9CGV4;KSMBR1_2652
A0A2C9CGV7;KSMBR1_2455
A0A2C9CGW4;KSMBR1_2662
A0A2C9CGW5;KSMBR1_2308
A0A2C9CGW6;KSMBR1_1498
A0A2C9CGW8;KSMBR1_2465
A0A2C9CGX1;KSMBR1_2407
A0A2C9CGX7;KSMBR1_2517
A0A2C9CGX9;KSMBR1_2417
A0A2C9CGY4;KSMBR1_2682
A0A2C9CGZ0;KSMBR1_2464
A0A2C9CGZ8;KSMBR1_2338
A0A2C9CH02;KSMBR1_2390
A0A2C9CH05;KSMBR1_2505
A0A2C9CH06;KSMBR1_2448
A0A2C9CH07;KSMBR1_2484
A0A2C9CH10;KSMBR1_2547
A0A2C9CH13;KSMBR1_2489
A0A2C9CH20;KSMBR1_2557
A0A2C9CH22;KSMBR1_2499
A0A2C9CH27;KSMBR1_2503
A0A2C9CH31;KSMBR1_2421
A0A2C9CH32;KSMBR1_2509
A0A2C9CH35;KSMBR1_2732
A0A2C9CH36;KSMBR1_2514
A0A2C9CH38;KSMBR1_2513
A0A2C9CH42;KSMBR1_2519
A0A2C9CH43;KSMBR1_2545
A0A2C9CH44;KSMBR1_2488
A0A2C9CH45;KSMBR1_2524
A0A2C9CH46;KSMBR1_2742
A0A2C9CH49;KSMBR1_2587
A0A2C9CH52;KSMBR1_2529
A0A2C9CH53;KSMBR1_2555
A0A2C9CH56;KSMBR1_2534
A0A2C9CH61;KSMBR1_2451
A0A2C9CH62;KSMBR1_2539
A0A2C9CH63;KSMBR1_2565
A0A2C9CH65;KSMBR1_2508
A0A2C9CH67;KSMBR1_2543
A0A2C9CH70;KSMBR1_2607
A0A2C9CH72;KSMBR1_2549
A0A2C9CH74;KSMBR1_1608
A0A2C9CH75;KSMBR1_2518
A0A2C9CH76;KSMBR1_2617
A0A2C9CH80;KSMBR1_2554
A0A2C9CH84;KSMBR1_2426
A0A2C9CH86;KSMBR1_2569
A0A2C9CH87;KSMBR1_2528
A0A2C9CH91;KSMBR1_1618
A0A2C9CH95;KSMBR1_2436
A0A2C9CH97;KSMBR1_2579
A0A2C9CHA4;KSMBR1_2583
A0A2C9CHA5;KSMBR1_2605
A0A2C9CHA8;KSMBR1_2647
A0A2C9CHA9;KSMBR1_2548
A0A2C9CHB3;KSMBR1_2593
A0A2C9CHB4;KSMBR1_2456
A0A2C9CHB8;KSMBR1_2657
A0A2C9CHC0;KSMBR1_2599
A0A2C9CHC1;KSMBR1_1648
A0A2C9CHC2;KSMBR1_2594
A0A2C9CHC3;KSMBR1_2603
A0A2C9CHC4;KSMBR1_2466
A0A2C9CHC8;KSMBR1_2568
A0A2C9CHD1;KSMBR1_1658
A0A2C9CHD2;KSMBR1_2604
A0A2C9CHD4;KSMBR1_2476
A0A2C9CHD5;KSMBR1_2635
A0A2C9CHD6;KSMBR1_2531
A0A2C9CHD8;KSMBR1_2578
A0A2C9CHE1;KSMBR1_1668
A0A2C9CHE3;KSMBR1_2486
A0A2C9CHE4;KSMBR1_2623
A0A2C9CHE6;KSMBR1_2541
A0A2C9CHE7;KSMBR1_2687
A0A2C9CHF0;KSMBR1_2848
A0A2C9CHF4;KSMBR1_2624
A0A2C9CHF5;KSMBR1_2551
A0A2C9CHF6;KSMBR1_2655
A0A2C9CHF7;KSMBR1_2697
A0A2C9CHG3;KSMBR1_2634
A0A2C9CHG5;KSMBR1_2561
A0A2C9CHG6;KSMBR1_2643
A0A2C9CHG7;KSMBR1_2707
A0A2C9CHG8;KSMBR1_2608
A0A2C9CHH3;KSMBR1_2868
A0A2C9CHH8;KSMBR1_2717
A0A2C9CHI1;KSMBR1_2526
A0A2C9CHI4;KSMBR1_2581
A0A2C9CHI6;KSMBR1_2654
A0A2C9CHJ0;KSMBR1_2669
A0A2C9CHJ1;KSMBR1_2402 KSMBR1_2536
A0A2C9CHJ4;KSMBR1_2673
A0A2C9CHJ5;KSMBR1_2888
A0A2C9CHJ8;KSMBR1_1728
A0A2C9CHK0;KSMBR1_2737
A0A2C9CHK1;KSMBR1_2546
A0A2C9CHK3;KSMBR1_2683
A0A2C9CHK4;KSMBR1_2601
A0A2C9CHK5;KSMBR1_2898
A0A2C9CHK7;KSMBR1_2674
A0A2C9CHK8;KSMBR1_1738
A0A2C9CHL7;KSMBR1_2684 KSMBR1_3996
A0A2C9CHL8;KSMBR1_1748
A0A2C9CHL9;KSMBR1_2566
A0A2C9CHM3;KSMBR1_2621
A0A2C9CHM4;KSMBR1_2918
A0A2C9CHN1;KSMBR1_2576
A0A2C9CHN4;KSMBR1_2735
A0A2C9CHN8;KSMBR1_1768
A0A2C9CHQ1;KSMBR1_2733
A0A2C9CHQ5;KSMBR1_2698
A0A2C9CHR0;KSMBR1_2739
A0A2C9CHR1;KSMBR1_2743
A0A2C9CHR3;KSMBR1_2960
A0A2C9CHR5;KSMBR1_2700 KSMBR1_2708
A0A2C9CHR6;KSMBR1_2734
A0A2C9CHR8;KSMBR1_2616
A0A2C9CHS0;KSMBR1_2753
A0A2C9CHS1;KSMBR1_2749
A0A2C9CHS6;KSMBR1_2744
A0A2C9CHS7;KSMBR1_2626
A0A2C9CHS8;KSMBR1_1808
A0A2C9CHT3;KSMBR1_2980
A0A2C9CHT7;KSMBR1_1818
A0A2C9CHT8;KSMBR1_2636
A0A2C9CHU1;KSMBR1_2681
A0A2C9CHU6;KSMBR1_2738
A0A2C9CHU8;KSMBR1_2646
A0A2C9CHV3;KSMBR1_2774
A0A2C9CHV8;KSMBR1_2656
A0A2C9CHW4;KSMBR1_1848
A0A2C9CHW5;KSMBR1_2853
A0A2C9CHX4;KSMBR1_2863
A0A2C9CHY3;KSMBR1_1868
A0A2C9CHY4;KSMBR1_2873
A0A2C9CHY5;KSMBR1_2686
A0A2C9CHY7;KSMBR1_2778
A0A2C9CHY8;KSMBR1_2731
A0A2C9CHZ1;KSMBR1_1878
A0A2C9CHZ2;KSMBR1_2851
A0A2C9CHZ4;KSMBR1_2883
A0A2C9CHZ7;KSMBR1_2741
A0A2C9CI11;KSMBR1_2845
A0A2C9CI12;KSMBR1_2871
A0A2C9CI13;KSMBR1_2716
A0A2C9CI14;KSMBR1_2903
A0A2C9CI15;KSMBR1_2849 KSMBR1_3662 KSMBR1_3847
A0A2C9CI22;KSMBR1_2881
A0A2C9CI24;KSMBR1_2913
A0A2C9CI26;KSMBR1_2859
A0A2C9CI29;KSMBR1_2850 KSMBR1_3118
A0A2C9CI33;KSMBR1_2865
A0A2C9CI34;KSMBR1_2736
A0A2C9CI35;KSMBR1_3081
A0A2C9CI36;KSMBR1_2869
A0A2C9CI40;KSMBR1_1929
A0A2C9CI41;KSMBR1_2875
A0A2C9CI43;KSMBR1_2901
A0A2C9CI46;KSMBR1_3091
A0A2C9CI48;KSMBR1_2911
A0A2C9CI50;KSMBR1_2870
A0A2C9CI52;KSMBR1_2844
A0A2C9CI57;KSMBR1_2880
A0A2C9CI58;KSMBR1_2889
A0A2C9CI60;KSMBR1_1949
A0A2C9CI62;KSMBR1_2854
A0A2C9CI63;KSMBR1_2895
A0A2C9CI68;KSMBR1_2890
A0A2C9CI71;KSMBR1_2864
A0A2C9CI74;KSMBR1_2776
A0A2C9CI77;KSMBR1_2941
A0A2C9CI79;KSMBR1_2900
A0A2C9CI82;KSMBR1_2874
A0A2C9CI83;KSMBR1_2915
A0A2C9CI86;KSMBR1_1979
A0A2C9CI87;KSMBR1_2836 KSMBR1_3791 KSMBR1_4078
A0A2C9CI90;KSMBR1_2910
A0A2C9CI92;KSMBR1_2884
A0A2C9CI93;KSMBR1_2925
A0A2C9CI97;KSMBR1_2995
A0A2C9CI99;KSMBR1_2920
A0A2C9CIA0;KSMBR1_3142
A0A2C9CIA1;KSMBR1_2929
A0A2C9CIA2;KSMBR1_2935
A0A2C9CIA3;KSMBR1_2894
A0A2C9CIA5;KSMBR1_3005
A0A2C9CIA8;KSMBR1_2857
A0A2C9CIB3;KSMBR1_2904
A0A2C9CIB4;KSMBR1_3162
A0A2C9CIB8;KSMBR1_2951
A0A2C9CIC0;KSMBR1_2867
A0A2C9CIC7;KSMBR1_2914
A0A2C9CID1;KSMBR1_3182
A0A2C9CID9;KSMBR1_3003
A0A2C9CIE2;KSMBR1_3192
A0A2C9CIE4;KSMBR1_2967 KSMBR1_3939 KSMBR1_4029
A0A2C9CIE5;KSMBR1_2039
A0A2C9CIE6;KSMBR1_2852
A0A2C9CIF0;KSMBR1_1959 KSMBR1_3076 KSMBR1_3202 KSMBR1_3687
A0A2C9CIF1;KSMBR1_2897
A0A2C9CIF4;KSMBR1_2049
A0A2C9CIF5;KSMBR1_2972
A0A2C9CIF6;KSMBR1_2862
A0A2C9CIF9;KSMBR1_2907
A0A2C9CIG2;KSMBR1_2991
A0A2C9CIG4;KSMBR1_2872
A0A2C9CIG7;KSMBR1_2956
A0A2C9CIH1;KSMBR1_2917
A0A2C9CIH2;KSMBR1_3001
A0A2C9CIH3;KSMBR1_2882
A0A2C9CIH8;KSMBR1_2966
A0A2C9CII0;KSMBR1_2997
A0A2C9CII1;KSMBR1_3232
A0A2C9CII5;KSMBR1_2080
A0A2C9CII6;KSMBR1_2937
A0A2C9CII7;KSMBR1_3007
A0A2C9CII8;KSMBR1_3002
A0A2C9CIJ1;KSMBR1_3242
A0A2C9CIJ3;KSMBR1_2902
A0A2C9CIJ5;KSMBR1_2090
A0A2C9CIJ9;KSMBR1_3064
A0A2C9CIK3;KSMBR1_3032
A0A2C9CIK6;KSMBR1_3127
A0A2C9CIL1;KSMBR1_2996
A0A2C9CIL5;KSMBR1_3137
A0A2C9CIL6;KSMBR1_2110
A0A2C9CIL8;KSMBR1_3084
A0A2C9CIL9;KSMBR1_3272
A0A2C9CIM3;KSMBR1_3052
A0A2C9CIM5;KSMBR1_3147
A0A2C9CIM6;KSMBR1_3094
A0A2C9CIM7;KSMBR1_2120
A0A2C9CIN2;KSMBR1_3062
A0A2C9CIN7;KSMBR1_3053
A0A2C9CIN8;KSMBR1_3104
A0A2C9CIP5;KSMBR1_2999
A0A2C9CIQ0;KSMBR1_3063
A0A2C9CIQ5;KSMBR1_2974
A0A2C9CIQ6;KSMBR1_3125
A0A2C9CIQ8;KSMBR1_3047
A0A2C9CIR1;KSMBR1_3092
A0A2C9CIR8;KSMBR1_3135
A0A2C9CIS6;KSMBR1_3145
A0A2C9CIS7;KSMBR1_3067
A0A2C9CIS8;KSMBR1_2994
A0A2C9CIT1;KSMBR1_3333
A0A2C9CIT2;KSMBR1_3197
A0A2C9CIT5;KSMBR1_3122
A0A2C9CIU1;KSMBR1_3343
A0A2C9CIU3;KSMBR1_3108
A0A2C9CIU4;KSMBR1_2190
A0A2C9CIV1;KSMBR1_3353
A0A2C9CIV2;KSMBR1_3217
A0A2C9CIW4;KSMBR1_3185
A0A2C9CIW5;KSMBR1_2210
A0A2C9CIW9;KSMBR1_3134
A0A2C9CIX2;KSMBR1_3237
A0A2C9CIX4;KSMBR1_3117
A0A2C9CIY3;KSMBR1_3205
A0A2C9CIY4;KSMBR1_3128
A0A2C9CIY7;KSMBR1_3055
A0A2C9CIZ3;KSMBR1_3138
A0A2C9CIZ4;KSMBR1_2242
A0A2C9CIZ9;KSMBR1_3065
A0A2C9CJ00;KSMBR1_3169
A0A2C9CJ05;KSMBR1_3225
A0A2C9CJ07;KSMBR1_3405
A0A2C9CJ15;KSMBR1_3235
A0A2C9CJ17;KSMBR1_3415
A0A2C9CJ19;KSMBR1_3184
A0A2C9CJ23;KSMBR1_2272
A0A2C9CJ25;KSMBR1_3425
A0A2C9CJ27;KSMBR1_3095
A0A2C9CJ30;KSMBR1_3297
A0A2C9CJ31;KSMBR1_3131
A0A2C9CJ32;KSMBR1_3199
A0A2C9CJ33;KSMBR1_2282
A0A2C9CJ37;KSMBR1_3255
A0A2C9CJ40;KSMBR1_2292
A0A2C9CJ44;KSMBR1_3188
A0A2C9CJ49;KSMBR1_2302
A0A2C9CJ55;KSMBR1_3455
A0A2C9CJ56;KSMBR1_3126
A0A2C9CJ58;KSMBR1_3275
A0A2C9CJ60;KSMBR1_2312
A0A2C9CJ62;KSMBR1_3161
A0A2C9CJ72;KSMBR1_3338
A0A2C9CJ74;KSMBR1_3239
A0A2C9CJ77;KSMBR1_3295
A0A2C9CJ80;KSMBR1_2332
A0A2C9CJ83;KSMBR1_3485
A0A2C9CJ84;KSMBR1_3249
A0A2C9CJ86;KSMBR1_3156
A0A2C9CJ89;KSMBR1_2342
A0A2C9CJ90;KSMBR1_3254
A0A2C9CJ91;KSMBR1_3191
A0A2C9CJ93;KSMBR1_3358
A0A2C9CJ94;KSMBR1_3259
A0A2C9CJ96;KSMBR1_3238
A0A2C9CJ98;KSMBR1_3283
A0A2C9CJA2;KSMBR1_3269
A0A2C9CJA4;KSMBR1_3326
A0A2C9CJA5;KSMBR1_3248
A0A2C9CJB2;KSMBR1_3279
A0A2C9CJB4;KSMBR1_3186
A0A2C9CJB6;KSMBR1_3258
A0A2C9CJC1;KSMBR1_3284
A0A2C9CJC4;KSMBR1_3196
A0A2C9CJC7;KSMBR1_3231
A0A2C9CJD4;KSMBR1_3206
A0A2C9CJE0;KSMBR1_3323
A0A2C9CJE3;KSMBR1_3216
A0A2C9CJE5;KSMBR1_3288
A0A2C9CJE7;KSMBR1_3410
A0A2C9CJF3;KSMBR1_2409
A0A2C9CJF7;KSMBR1_3566
A0A2C9CJF8;KSMBR1_3344
A0A2C9CJF9;KSMBR1_3261
A0A2C9CJG2;KSMBR1_2420
A0A2C9CJG5;KSMBR1_3236
A0A2C9CJH3;KSMBR1_3335
A0A2C9CJH6;KSMBR1_3586
A0A2C9CJI0;KSMBR1_2440
A0A2C9CJI3;KSMBR1_3345
A0A2C9CJI6;KSMBR1_3450
A0A2C9CJI7;KSMBR1_3408
A0A2C9CJI9;KSMBR1_2450
A0A2C9CJJ2;KSMBR1_3606
A0A2C9CJK3;KSMBR1_3470
A0A2C9CJK6;KSMBR1_3311
A0A2C9CJL3;KSMBR1_3480
A0A2C9CJL6;KSMBR1_3286
A0A2C9CJM0;KSMBR1_3396
A0A2C9CJM1;KSMBR1_3376
A0A2C9CJM2;KSMBR1_3490
A0A2C9CJM7;KSMBR1_3332
A0A2C9CJN0;KSMBR1_3406
A0A2C9CJN1;KSMBR1_3387
A0A2C9CJN3;KSMBR1_3402
A0A2C9CJN4;KSMBR1_2500
A0A2C9CJN5;KSMBR1_3458
A0A2C9CJN9;KSMBR1_3416
A0A2C9CJP3;KSMBR1_3412
A0A2C9CJP4;KSMBR1_2510
A0A2C9CJP6;KSMBR1_3468
A0A2C9CJP8;KSMBR1_3666
A0A2C9CJQ1;KSMBR1_3407
A0A2C9CJQ4;KSMBR1_3401
A0A2C9CJQ5;KSMBR1_3478
A0A2C9CJQ8;KSMBR1_3676
A0A2C9CJR3;KSMBR1_3411
A0A2C9CJS1;KSMBR1_3541
A0A2C9CJS3;KSMBR1_3498
A0A2C9CJS4;KSMBR1_3421
A0A2C9CJS5;KSMBR1_2540
A0A2C9CJS8;KSMBR1_3696
A0A2C9CJT3;KSMBR1_3452
A0A2C9CJT4;KSMBR1_3431
A0A2C9CJT5;KSMBR1_2550
A0A2C9CJT6;KSMBR1_3706
A0A2C9CJT7;KSMBR1_3383
A0A2C9CJU2;KSMBR1_3441
A0A2C9CJU3;KSMBR1_3518
A0A2C9CJV4;KSMBR1_2570
A0A2C9CJV5;KSMBR1_3404
A0A2C9CJV6;KSMBR1_3726
A0A2C9CJV8;KSMBR1_3461
A0A2C9CJV9;KSMBR1_3467
A0A2C9CJW1;KSMBR1_3539
A0A2C9CJW2;KSMBR1_2580
A0A2C9CJW3;KSMBR1_3482
A0A2C9CJW5;KSMBR1_3414
A0A2C9CJW9;KSMBR1_3492
A0A2C9CJX2;KSMBR1_2590
A0A2C9CJX3;KSMBR1_3378
A0A2C9CJX5;KSMBR1_3424
A0A2C9CJX8;KSMBR1_2600
A0A2C9CJX9;KSMBR1_3389
A0A2C9CJY3;KSMBR1_3502
A0A2C9CJY5;KSMBR1_3481
A0A2C9CJY6;KSMBR1_3497
A0A2C9CJY7;KSMBR1_2610
A0A2C9CJY8;KSMBR1_3756
A0A2C9CJY9;KSMBR1_3399
A0A2C9CJZ5;KSMBR1_3512
A0A2C9CJZ9;KSMBR1_3409
A0A2C9CK01;KSMBR1_3454
A0A2C9CK03;KSMBR1_3501
A0A2C9CK07;KSMBR1_3537
A0A2C9CK08;KSMBR1_3419
A0A2C9CK16;KSMBR1_3533
A0A2C9CK24;KSMBR1_2650
A0A2C9CK29;KSMBR1_3538
A0A2C9CK30;KSMBR1_3484
A0A2C9CK34;KSMBR1_3651
A0A2C9CK36;KSMBR1_3567
A0A2C9CK39;KSMBR1_3494
A0A2C9CK41;KSMBR1_3806
A0A2C9CK48;KSMBR1_3558
A0A2C9CK49;KSMBR1_3459
A0A2C9CK50;KSMBR1_3577
A0A2C9CK52;KSMBR1_3573
A0A2C9CK56;KSMBR1_3504
A0A2C9CK59;KSMBR1_3568
A0A2C9CK60;KSMBR1_3587
A0A2C9CK65;KSMBR1_3514
A0A2C9CK71;KSMBR1_3691
A0A2C9CK74;KSMBR1_3525
A0A2C9CK79;KSMBR1_3588
A0A2C9CK84;KSMBR1_3535
A0A2C9CK96;KSMBR1_3669
A0A2C9CKA1;KSMBR1_3721
A0A2C9CKA4;KSMBR1_3555
A0A2C9CKB0;KSMBR1_3877
A0A2C9CKB2;KSMBR1_3565
A0A2C9CKB4;KSMBR1_2740
A0A2C9CKB6;KSMBR1_3689
A0A2C9CKB9;KSMBR1_3530
A0A2C9CKC2;KSMBR1_2750
A0A2C9CKC4;KSMBR1_3699
A0A2C9CKC7;KSMBR1_0176 KSMBR1_1122 KSMBR1_1132 KSMBR1_1245 KSMBR1_1985 KSMBR1_2638 KSMBR1_3653 KSMBR1_3850 KSMBR1_3897
A0A2C9CKC8;KSMBR1_3622
A0A2C9CKD0;KSMBR1_3540
A0A2C9CKD2;KSMBR1_2760
A0A2C9CKD4;KSMBR1_3709
A0A2C9CKD7;KSMBR1_3900 KSMBR1_3907
A0A2C9CKE1;KSMBR1_3648
A0A2C9CKE3;KSMBR1_3917
A0A2C9CKE4;KSMBR1_3642
A0A2C9CKE6;KSMBR1_3663
A0A2C9CKF0;KSMBR1_3927
A0A2C9CKF1;KSMBR1_3652
A0A2C9CKG8;KSMBR1_3947
A0A2C9CKH2;KSMBR1_3697
A0A2C9CKH5;KSMBR1_3693
A0A2C9CKH6;KSMBR1_3688
A0A2C9CKI1;KSMBR1_0044 KSMBR1_0048 KSMBR1_0085 KSMBR1_0212 KSMBR1_0487 KSMBR1_0696 KSMBR1_1117 KSMBR1_1563 KSMBR1_2135 KSMBR1_2676 KSMBR1_3101 KSMBR1_3111 KSMBR1_3612 KSMBR1_3656 KSMBR1_3682 KSMBR1_3856 KSMBR1_3891
A0A2C9CKI2;KSMBR1_3707
A0A2C9CKI3;KSMBR1_3759
A0A2C9CKI5;KSMBR1_3703
A0A2C9CKJ2;KSMBR1_3692
A0A2C9CKJ3;KSMBR1_3811
A0A2C9CKJ5;KSMBR1_3713
A0A2C9CKJ6;KSMBR1_3708
A0A2C9CKJ7;KSMBR1_3779
A0A2C9CKK1;KSMBR1_3702
A0A2C9CKK2;KSMBR1_3645
A0A2C9CKK5;KSMBR1_3620
A0A2C9CKL4;KSMBR1_3728
A0A2C9CKL5;KSMBR1_2846
A0A2C9CKL6;KSMBR1_3665
A0A2C9CKL9;KSMBR1_3738
A0A2C9CKM0;KSMBR1_3997
A0A2C9CKM3;KSMBR1_2856
A0A2C9CKM4;KSMBR1_3743
A0A2C9CKM5;KSMBR1_3809
A0A2C9CKN3;KSMBR1_2866
A0A2C9CKN4;KSMBR1_3819
A0A2C9CKN6;KSMBR1_3685
A0A2C9CKP0;KSMBR1_4017
A0A2C9CKP7;KSMBR1_3695
A0A2C9CKQ7;KSMBR1_3705
A0A2C9CKQ8;KSMBR1_4037
A0A2C9CKQ9;KSMBR1_3839
A0A2C9CKR1;KSMBR1_3690
A0A2C9CKR3;KSMBR1_2896
A0A2C9CKR9;KSMBR1_3849
A0A2C9CKS2;KSMBR1_3700
A0A2C9CKS3;KSMBR1_2906
A0A2C9CKS7;KSMBR1_3859
A0A2C9CKS8;KSMBR1_4057
A0A2C9CKS9;KSMBR1_3725
A0A2C9CKT0;KSMBR1_2916
A0A2C9CKT4;KSMBR1_3808
A0A2C9CKT8;KSMBR1_3787
A0A2C9CKU0;KSMBR1_3720
A0A2C9CKU5;KSMBR1_3902
A0A2C9CKV5;KSMBR1_3912
A0A2C9CKW0;KSMBR1_3740 KSMBR1_3868
A0A2C9CKW8;KSMBR1_2958
A0A2C9CKX3;KSMBR1_3848
A0A2C9CKX8;KSMBR1_3775
A0A2C9CKY2;KSMBR1_3858
A0A2C9CKY3;KSMBR1_3920
A0A2C9CKY4;KSMBR1_3837
A0A2C9CKY5;KSMBR1_3843
A0A2C9CL00;KSMBR1_3780
A0A2C9CL05;KSMBR1_3863
A0A2C9CL07;KSMBR1_3940
A0A2C9CL17;KSMBR1_3972
A0A2C9CL18;KSMBR1_3862
A0A2C9CL28;KSMBR1_3909
A0A2C9CL29;KSMBR1_3888
A0A2C9CL32;KSMBR1_3810
A0A2C9CL35;KSMBR1_3835
A0A2C9CL36;KSMBR1_3970
A0A2C9CL37;KSMBR1_3992
A0A2C9CL46;KSMBR1_3893
A0A2C9CL49;KSMBR1_3908
A0A2C9CL51;KSMBR1_3904
A0A2C9CL53;KSMBR1_3830
A0A2C9CL55;KSMBR1_3903
A0A2C9CL58;KSMBR1_3918
A0A2C9CL60;KSMBR1_2267 KSMBR1_3899 KSMBR1_4012
A0A2C9CL61;KSMBR1_3840
A0A2C9CL67;KSMBR1_3865
A0A2C9CL68;KSMBR1_3928
A0A2C9CL79;KSMBR1_3860
A0A2C9CL81;KSMBR1_4010
A0A2C9CL88;KSMBR1_3886
A0A2C9CL89;KSMBR1_3881
A0A2C9CL99;KSMBR1_4030
A0A2C9CLA8;KSMBR1_3901
A0A2C9CLA9;KSMBR1_4040
A0A2C9CLB3;KSMBR1_3974
A0A2C9CLB4;KSMBR1_4072
A0A2C9CLB6;KSMBR1_3906
A0A2C9CLB8;KSMBR1_3911
A0A2C9CLB9;KSMBR1_3109
A0A2C9CLC3;KSMBR1_4050
A0A2C9CLC4;KSMBR1_4082
A0A2C9CLC7;KSMBR1_3119
A0A2C9CLD1;KSMBR1_3921
A0A2C9CLD6;KSMBR1_3998
A0A2C9CLD7;KSMBR1_3130
A0A2C9CLE0;KSMBR1_4004
A0A2C9CLE3;KSMBR1_4019
A0A2C9CLE8;KSMBR1_4014
A0A2C9CLF6;KSMBR1_4018
A0A2C9CLF7;KSMBR1_4039
A0A2C9CLF9;KSMBR1_3993
A0A2C9CLG2;KSMBR1_4090
A0A2C9CLG6;KSMBR1_4034
A0A2C9CLG7;KSMBR1_4049
A0A2C9CLG8;KSMBR1_4028
A0A2C9CLH0;KSMBR1_3961
A0A2C9CLH6;KSMBR1_4044
A0A2C9CLH7;KSMBR1_3971
A0A2C9CLH8;KSMBR1_4038
A0A2C9CLH9;KSMBR1_4013
A0A2C9CLK0;KSMBR1_4079
A0A2C9CLK2;KSMBR1_4001
A0A2C9CLK5;KSMBR1_4011
A0A2C9CLM3;KSMBR1_4084
A0A2C9CLM5;KSMBR1_1946 KSMBR1_4031
A0A2C9CLM8;KSMBR1_4016
A0A2C9CLN6;KSMBR1_4063
A0A2C9CLN9;KSMBR1_4026
A0A2C9CLP0;KSMBR1_4041
A0A2C9CLP5;KSMBR1_3250
A0A2C9CLP8;KSMBR1_4036
A0A2C9CLS2;KSMBR1_4061
A0A2C9CLS6;KSMBR1_3280
A0A2C9CLT0;KSMBR1_4071
A0A2C9CLT2;KSMBR1_4066
A0A2C9CLT9;KSMBR1_4091
A0A2C9CLU0;KSMBR1_4086
A0A2C9CLU4;KSMBR1_3290
A0A2C9CLY4;KSMBR1_3331 KSMBR1_3995
A0A2C9CM62;KSMBR1_3403
A0A2C9CM72;KSMBR1_3413
A0A2C9CM82;KSMBR1_3423
A0A2C9CMA0;KSMBR1_3443
A0A2C9CMD9;KSMBR1_3483
A0A2C9CMF8;KSMBR1_3503
A0A2C9CMI6;KSMBR1_3534
A0A2C9CMJ5;KSMBR1_3544
A0A2C9CMM0;KSMBR1_3574
A0A2C9CMQ6;KSMBR1_3614
A0A2C9CMU9;KSMBR1_3654
A0A2C9CMV7;KSMBR1_3664
A0A2C9CMY2;KSMBR1_3694
A0A2C9CMZ1;KSMBR1_3704
A0A2C9CN12;KSMBR1_3724
A0A2C9CNI5;KSMBR1_3885
A0A2C9CNL0;KSMBR1_3905
A0A2C9CNL9;KSMBR1_3915
A0A2C9CNX0;KSMBR1_4015
A0A2C9CNY0;KSMBR1_4025
A0A2C9CNZ1;KSMBR1_4035
A0A2C9CP24;KSMBR1_4065
A0A2C9CP34;KSMBR1_4075
Q1PUF6;KSMBR1_3139
Q1PUF9;KSMBR1_3136
Q1PUG2;KSMBR1_3133
Q1PUG3;KSMBR1_3132
Q1PUG5;KSMBR1_3149
Q1PUG6;KSMBR1_3148
Q1PUG8;KSMBR1_3146
Q1PUH0;KSMBR1_3144
Q1PUH1;KSMBR1_3143
Q1PUH3;KSMBR1_3141
Q1PUH4;KSMBR1_3140
Q1PUI1;KSMBR1_3152
Q1PUJ4;KSMBR1_3173
Q1PUJ5;KSMBR1_3172
Q1PUJ7;KSMBR1_3171
Q1PUJ8;KSMBR1_3170
Q1PUK0;KSMBR1_3168
Q1PUK1;KSMBR1_3167
Q1PUK3;KSMBR1_3166
Q1PUL0;KSMBR1_3177
Q1PUL2;KSMBR1_3175
Q1PUM1;KSMBR1_3183
Q1PUM5;KSMBR1_3194
Q1PUM6;KSMBR1_3193
Q1PUM9;KSMBR1_3190
Q1PUN1;KSMBR1_3189
Q1PUN5;KSMBR1_3204
Q1PUN6;KSMBR1_3203
Q1PUN7;KSMBR1_3200
Q1PUP2;KSMBR1_3215
Q1PUP3;KSMBR1_3214
Q1PUP7;KSMBR1_3210
Q1PUQ4;KSMBR1_3221
Q1PUQ5;KSMBR1_3220
Q1PUQ6;KSMBR1_3219
Q1PUQ8;KSMBR1_3218
Q1PUR0;KSMBR1_3233
Q1PUR3;KSMBR1_3230
Q1PUR4;KSMBR1_3229
Q1PUR5;KSMBR1_3228
Q1PUR8;KSMBR1_3226
Q1PUT2;KSMBR1_3243
Q1PUT6;KSMBR1_3241
Q1PUT7;KSMBR1_3240
Q1PUU7;KSMBR1_1987
Q1PUV4;KSMBR1_1991
Q1PUV5;KSMBR1_1990
Q1PUV8;KSMBR1_2002
Q1PUW0;KSMBR1_2000
Q1PUW1;KSMBR1_1999
Q1PUW4;KSMBR1_1998
Q1PUW5;KSMBR1_1997
Q1PUW6;KSMBR1_1996
Q1PUX4;KSMBR1_2004
Q1PUX7;KSMBR1_2012
Q1PUX8;KSMBR1_2011
Q1PUZ5;KSMBR1_2027
Q1PUZ9;KSMBR1_2025
Q1PV03;KSMBR1_2022
Q1PV04;KSMBR1_2021
Q1PV06;KSMBR1_2034
Q1PV07;KSMBR1_2033
Q1PV08;KSMBR1_1769 KSMBR1_2032
Q1PV11;KSMBR1_1765 KSMBR1_2030
Q1PV15;KSMBR1_2044
Q1PV16;KSMBR1_2043
Q1PV17;KSMBR1_2042
Q1PV21;KSMBR1_2038
Q1PV22;KSMBR1_2037
Q1PV30;KSMBR1_2047
Q1PV31;KSMBR1_2046
Q1PV32;KSMBR1_2045
Q1PV34;KSMBR1_2061
Q1PV36;KSMBR1_2059
Q1PV39;KSMBR1_2055
Q1PV42;KSMBR1_2054
Q1PV43;KSMBR1_2053
Q1PV44;KSMBR1_2052
Q1PV45;KSMBR1_2072
Q1PV47;KSMBR1_2071
Q1PV48;KSMBR1_2070
Q1PV49;KSMBR1_2069
Q1PV51;KSMBR1_2067
Q1PV52;KSMBR1_2066
Q1PV56;KSMBR1_2078
Q1PV57;KSMBR1_2077
Q1PV58;KSMBR1_2076
Q1PV60;KSMBR1_2074
Q1PV67;KSMBR1_0191 KSMBR1_0322 KSMBR1_0514 KSMBR1_0523 KSMBR1_0860 KSMBR1_0886 KSMBR1_0909 KSMBR1_0915 KSMBR1_0916 KSMBR1_1124 KSMBR1_1199 KSMBR1_1704 KSMBR1_1755 KSMBR1_2085 KSMBR1_2167 KSMBR1_2177 KSMBR1_2225 KSMBR1_2311 KSMBR1_3004 KSMBR1_4042
Q1PV69;KSMBR1_2084
Q1PV70;KSMBR1_2083
Q1PV72;KSMBR1_2081
Q1PV74;KSMBR1_2095
Q1PV87;KSMBR1_2100
Q1PV89;KSMBR1_2099
Q1PV94;KSMBR1_2112
Q1PV99;KSMBR1_2108
Q1PVA0;KSMBR1_2107
Q1PVB1;KSMBR1_2114
Q1PVB5;KSMBR1_2141
Q1PVB7;KSMBR1_2139
Q1PVC1;KSMBR1_0516 KSMBR1_0540 KSMBR1_1087 KSMBR1_2582 KSMBR1_3334 KSMBR1_3883 KSMBR1_3898
Q1PVC5;KSMBR1_2146
Q1PVC8;KSMBR1_2144
Q1PVE1;KSMBR1_2162
Q1PVE2;KSMBR1_2161
Q1PVE4;KSMBR1_2160
Q1PVF0;KSMBR1_2172
Q1PVF1;KSMBR1_2171
Q1PVF2;KSMBR1_2170
Q1PVF3;KSMBR1_2169
Q1PVF6;KSMBR1_2166
Q1PVF7;KSMBR1_2165
Q1PVG8;KSMBR1_2173
Q1PVH3;KSMBR1_2183
Q1PVH4;KSMBR1_2182
Q1PVH5;KSMBR1_2181
Q1PVH7;KSMBR1_2180
Q1PVH8;KSMBR1_2196
Q1PVI0;KSMBR1_0470 KSMBR1_2577 KSMBR1_2843 KSMBR1_3715 KSMBR1_4005
Q1PVI1;KSMBR1_2194
Q1PVI2;KSMBR1_2193
Q1PVI3;KSMBR1_2192
Q1PVI7;KSMBR1_2204
Q1PVJ2;KSMBR1_2200
Q1PVJ6;KSMBR1_2197
Q1PVM7;KSMBR1_2220
Q1PVM8;KSMBR1_2219
Q1PVN6;KSMBR1_2231
Q1PVN7;KSMBR1_2230
Q1PVP1;KSMBR1_2222
Q1PVP7;KSMBR1_2235
Q1PVQ4;KSMBR1_2245
Q1PVQ5;KSMBR1_2244
Q1PVQ6;KSMBR1_2243
Q1PVR5;KSMBR1_2252
Q1PVS2;KSMBR1_2263
Q1PVS3;KSMBR1_2262
Q1PVS7;KSMBR1_2259
Q1PVU1;KSMBR1_2283
Q1PVU5;KSMBR1_2277
Q1PVU6;KSMBR1_2275
Q1PVV2;KSMBR1_2287
Q1PW23;KSMBR1_2360
Q1PW27;KSMBR1_2356
Q1PW33;KSMBR1_2368
Q1PW34;KSMBR1_2367
Q1PW36;KSMBR1_2365
Q1PW37;KSMBR1_2377
Q1PW44;KSMBR1_2372
Q1PW50;KSMBR1_2381
Q1PW64;KSMBR1_2386
Q1PW72;KSMBR1_2396
Q1PW73;KSMBR1_2395
Q1PW89;KSMBR1_2416
Q1PW90;KSMBR1_2415
Q1PW91;KSMBR1_2414
Q1PW92;KSMBR1_2413
Q1PWA9;KSMBR1_2430
Q1PWB0;KSMBR1_2429
Q1PWB5;KSMBR1_2441
Q1PWB8;KSMBR1_2438
Q1PWC5;KSMBR1_2444
Q1PWD9;KSMBR1_2449
Q1PWE2;KSMBR1_2446
Q1PWE3;KSMBR1_2445
Q1PWE7;KSMBR1_2458
Q1PWF1;KSMBR1_2454
Q1PWF2;KSMBR1_2453
Q1PWF3;KSMBR1_2452
Q1PWF4;KSMBR1_2467
Q1PWF9;KSMBR1_2463
Q1PWG5;KSMBR1_2474
Q1PWH9;KSMBR1_2477
Q1PWI1;KSMBR1_2475
Q1PWJ1;KSMBR1_2497
Q1PWJ6;KSMBR1_2493
Q1PWJ9;KSMBR1_2490
Q1PWK8;KSMBR1_2498
Q1PWM2;KSMBR1_2521
Q1PWM6;KSMBR1_2516
Q1PWP4;KSMBR1_2533
Q1PWP8;KSMBR1_2563
Q1PWP9;KSMBR1_2562
Q1PWQ1;KSMBR1_2560
Q1PWQ2;KSMBR1_2559
Q1PWQ3;KSMBR1_2558
Q1PWQ5;KSMBR1_2556
Q1PWR6;KSMBR1_2564
Q1PWT0;KSMBR1_1662 KSMBR1_1735 KSMBR1_2129 KSMBR1_3500
Q1PWT4;KSMBR1_2574
Q1PWT5;KSMBR1_2573
Q1PWT9;KSMBR1_2586
Q1PWU7;KSMBR1_2591
Q1PWV0;KSMBR1_2589
Q1PWV8;KSMBR1_2602
Q1PWW0;KSMBR1_2597
Q1PWW1;KSMBR1_2596
Q1PWW2;KSMBR1_2595
Q1PWW4;KSMBR1_2611
Q1PWW9;KSMBR1_2606
Q1PWZ6;KSMBR1_2622
Q1PWZ9;KSMBR1_2620
Q1PX07;KSMBR1_2629
Q1PX16;KSMBR1_2637
Q1PX34;KSMBR1_2649
Q1PX35;KSMBR1_2648
Q1PX40;KSMBR1_2663
Q1PX42;KSMBR1_2661
Q1PX43;KSMBR1_2660
Q1PX51;KSMBR1_2668
Q1PX52;KSMBR1_2667
Q1PX58;KSMBR1_2847
Q1PX97;KSMBR1_0765 KSMBR1_1785 KSMBR1_3604
Q1PX98;KSMBR1_1784 KSMBR1_3420 KSMBR1_3605
Q1PXA3;KSMBR1_3750 KSMBR1_3845 KSMBR1_4027
Q1PXB0;KSMBR1_3821
Q1PXB1;KSMBR1_3121
Q1PXC6;KSMBR1_2893
Q1PXC9;KSMBR1_2891
Q1PXE2;KSMBR1_2909
Q1PXE3;KSMBR1_2908
Q1PXE5;KSMBR1_2905
Q1PXF8;KSMBR1_2912
Q1PXF9;KSMBR1_2926
Q1PXG1;KSMBR1_2924
Q1PXG2;KSMBR1_2923
Q1PXG4;KSMBR1_2922
Q1PXG7;KSMBR1_2919
Q1PXH0;KSMBR1_2934
Q1PXH3;KSMBR1_2932
Q1PXH4;KSMBR1_2931
Q1PXH8;KSMBR1_2943
Q1PXI6;KSMBR1_2936
Q1PXI8;KSMBR1_1344 KSMBR1_2944
Q1PXJ0;KSMBR1_2948
Q1PXJ1;KSMBR1_2947
Q1PXJ2;KSMBR1_2946
Q1PXJ9;KSMBR1_2955
Q1PXK1;KSMBR1_2953
Q1PXK8;KSMBR1_2961
Q1PXL2;KSMBR1_2959
Q1PXL8;KSMBR1_2968
Q1PXL9;KSMBR1_2685
Q1PXM2;KSMBR1_2965
Q1PXM3;KSMBR1_2981
Q1PXM7;KSMBR1_2978
Q1PXM8;KSMBR1_2977
Q1PXN0;KSMBR1_2975
Q1PXP5;KSMBR1_2993
Q1PXP6;KSMBR1_2992
Q1PXQ6;KSMBR1_1810
Q1PXR0;KSMBR1_1807
Q1PXR1;KSMBR1_1806
Q1PXR4;KSMBR1_1820
Q1PXR6;KSMBR1_1819
Q1PXS3;KSMBR1_1828
Q1PXS6;KSMBR1_1826
Q1PXS8;KSMBR1_1824
Q1PXT2;KSMBR1_1836
Q1PXT6;KSMBR1_1833
Q1PXT7;KSMBR1_1832
Q1PXU1;KSMBR1_1829
Q1PXU3;KSMBR1_1844
Q1PXU7;KSMBR1_1840
Q1PXU8;KSMBR1_1839
Q1PXU9;KSMBR1_1838
Q1PXV0;KSMBR1_1837
Q1PXV3;KSMBR1_1849
Q1PXV7;KSMBR1_1856
Q1PXW7;KSMBR1_1863
Q1PXX5;KSMBR1_1857
Q1PXY4;KSMBR1_1865
Q1PXY5;KSMBR1_1864
Q1PXY8;KSMBR1_1885
Q1PXZ0;KSMBR1_1883
Q1PXZ5;KSMBR1_1881
Q1PXZ6;KSMBR1_1897
Q1PXZ7;KSMBR1_1896
Q1PXZ8;KSMBR1_1895
Q1PXZ9;KSMBR1_1894
Q1PY01;KSMBR1_1892
Q1PY05;KSMBR1_1888
Q1PY08;KSMBR1_1902
Q1PY09;KSMBR1_1901
Q1PY13;KSMBR1_1899
Q1PY14;KSMBR1_1898
Q1PY15;KSMBR1_1912
Q1PY18;KSMBR1_1909
Q1PY24;KSMBR1_1920
Q1PY27;KSMBR1_1917
Q1PY28;KSMBR1_1916
Q1PY32;KSMBR1_1927
Q1PY34;KSMBR1_1926
Q1PY37;KSMBR1_1924
Q1PY38;KSMBR1_1923
Q1PY40;KSMBR1_1921
Q1PY46;KSMBR1_1931
Q1PY49;KSMBR1_1928
Q1PY54;KSMBR1_1941
Q1PY56;KSMBR1_1939
Q1PY57;KSMBR1_1938
Q1PY58;KSMBR1_1937
Q1PY62;KSMBR1_1497
Q1PY78;KSMBR1_1129
Q1PY79;KSMBR1_1128
Q1PY86;KSMBR1_1238
Q1PY89;KSMBR1_1240
Q1PY91;KSMBR1_1242
Q1PYA0;KSMBR1_1232
Q1PYB4;KSMBR1_1225
Q1PYB6;KSMBR1_1227
Q1PYB8;KSMBR1_1229
Q1PYB9;KSMBR1_1230
Q1PYC4;KSMBR1_1219
Q1PYD1;KSMBR1_1210
Q1PYD6;KSMBR1_1214
Q1PYD8;KSMBR1_1215
Q1PYD9;KSMBR1_1216
Q1PYF6;KSMBR1_1196
Q1PYG2;KSMBR1_1182
Q1PYG6;KSMBR1_1186
Q1PYI0;KSMBR1_1164
Q1PYI9;KSMBR1_1157
Q1PYJ4;KSMBR1_1160
Q1PYJ8;KSMBR1_1163
Q1PYK8;KSMBR1_1156
Q1PYK9;KSMBR1_1140
Q1PYL0;KSMBR1_1141
Q1PYL1;KSMBR1_1142
Q1PYL4;KSMBR1_1146
Q1PYM8;KSMBR1_1139
Q1PYN2;KSMBR1_1253
Q1PYQ1;KSMBR1_1271
Q1PYQ2;KSMBR1_1270
Q1PYQ4;KSMBR1_1267
Q1PYQ6;KSMBR1_1265
Q1PYR5;KSMBR1_1277
Q1PYT2;KSMBR1_1281
Q1PYU0;KSMBR1_1289
Q1PYU5;KSMBR1_1299
Q1PYU8;KSMBR1_1297
Q1PYU9;KSMBR1_1296
Q1PYV0;KSMBR1_1295
Q1PYX4;KSMBR1_1322
Q1PYX8;KSMBR1_1318
Q1PYZ7;KSMBR1_1334
Q1PZ02;KSMBR1_1343
Q1PZ03;KSMBR1_1342
Q1PZ06;KSMBR1_1341
Q1PZ24;KSMBR1_1359
Q1PZ26;KSMBR1_1357
Q1PZ37;KSMBR1_1376
Q1PZ38;KSMBR1_1375
Q1PZ40;KSMBR1_1373
Q1PZ41;KSMBR1_1372
Q1PZ42;KSMBR1_1371
Q1PZ52;KSMBR1_1382
Q1PZ53;KSMBR1_1381
Q1PZ54;KSMBR1_1379
Q1PZ55;KSMBR1_1378
Q1PZ56;KSMBR1_1377
Q1PZ66;KSMBR1_1386
Q1PZ67;KSMBR1_1401
Q1PZ72;KSMBR1_1396
Q1PZ83;KSMBR1_1402
Q1PZ86;KSMBR1_1416
Q1PZ87;KSMBR1_1415 KSMBR1_3864
Q1PZ89;KSMBR1_1414
Q1PZ90;KSMBR1_1413
Q1PZ93;KSMBR1_1409
Q1PZ97;KSMBR1_1424
Q1PZ98;KSMBR1_1423
Q1PZA1;KSMBR1_1420
Q1PZA2;KSMBR1_1419
Q1PZA5;KSMBR1_1434
Q1PZA6;KSMBR1_1433
Q1PZB0;KSMBR1_1429
Q1PZB4;KSMBR1_1426
Q1PZC1;KSMBR1_1437
Q1PZC2;KSMBR1_1436
Q1PZD7;KSMBR1_1456
Q1PZE3;KSMBR1_1469
Q1PZE6;KSMBR1_1466
Q1PZE7;KSMBR1_1465
Q1PZE9;KSMBR1_1463
Q1PZF0;KSMBR1_1462
Q1PZF2;KSMBR1_1478
Q1PZF4;KSMBR1_1476
Q1PZF9;KSMBR1_1471
Q1PZG0;KSMBR1_1470
Q1PZG7;KSMBR1_1482
Q1PZG9;KSMBR1_1480
Q1PZH0;KSMBR1_1479
Q1PZH5;KSMBR1_1493
Q1PZH8;KSMBR1_1491
Q1PZI9;KSMBR1_1499
Q1PZL8;KSMBR1_1526
Q1PZM2;KSMBR1_1536
Q1PZM5;KSMBR1_1533
Q1PZP4;KSMBR1_1554
Q1PZQ5;KSMBR1_1582
Q1PZR0;KSMBR1_1578
Q1PZR1;KSMBR1_1577
Q1PZR7;KSMBR1_1589
Q1PZR8;KSMBR1_1588
Q1PZR9;KSMBR1_1587
Q1PZS1;KSMBR1_1585
Q1PZS3;KSMBR1_1583
Q1PZT2;KSMBR1_1592
Q1PZT3;KSMBR1_1591
Q1PZT4;KSMBR1_1607
Q1PZT5;KSMBR1_1606
Q1PZU3;KSMBR1_1600
Q1PZU5;KSMBR1_1616
Q1PZU6;KSMBR1_1615
Q1PZU7;KSMBR1_1614
Q1PZU8;KSMBR1_1613
Q1PZU9;KSMBR1_1612
Q1PZV0;KSMBR1_1611
Q1PZV1;KSMBR1_1610
Q1PZW0;KSMBR1_1619
Q1PZW3;KSMBR1_1631
Q1PZW5;KSMBR1_1630
Q1PZW6;KSMBR1_1629
Q1PZX1;KSMBR1_1628
Q1PZX2;KSMBR1_1626
Q1PZX6;KSMBR1_1638
Q1PZY0;KSMBR1_1634
Q1PZY2;KSMBR1_1632
Q1PZY6;KSMBR1_1671
Q1PZZ6;KSMBR1_1678
Q1Q008;KSMBR1_1681
Q1Q012;KSMBR1_1692
Q1Q016;KSMBR1_1689
Q1Q027;KSMBR1_1695
Q1Q028;KSMBR1_1694
Q1Q032;KSMBR1_1706
Q1Q033;KSMBR1_1705
Q1Q036;KSMBR1_1703
Q1Q037;KSMBR1_1702
Q1Q039;KSMBR1_1700
Q1Q040;KSMBR1_1715
Q1Q042;KSMBR1_1713
Q1Q047;KSMBR1_1709
Q1Q048;KSMBR1_1708
Q1Q053;KSMBR1_1721
Q1Q062;KSMBR1_1729
Q1Q067;KSMBR1_1725
Q1Q081;KSMBR1_1744
Q1Q082;KSMBR1_1743
Q1Q091;KSMBR1_1750
Q1Q096;KSMBR1_1762
Q1Q0A9;KSMBR1_1770
Q1Q0B5;KSMBR1_1763
Q1Q0C6;KSMBR1_1788
Q1Q0C7;KSMBR1_1787
Q1Q0D1;KSMBR1_1783
Q1Q0D2;KSMBR1_1782
Q1Q0D4;KSMBR1_1798
Q1Q0D6;KSMBR1_1796
Q1Q0D7;KSMBR1_1795
Q1Q0D8;KSMBR1_1794
Q1Q0D9;KSMBR1_1793
Q1Q0E1;KSMBR1_1792
Q1Q0E5;KSMBR1_1804
Q1Q0F3;KSMBR1_2696 KSMBR1_2705
Q1Q0F4;KSMBR1_2706
Q1Q0F5;KSMBR1_2699
Q1Q0F7;KSMBR1_2701 KSMBR1_2709
Q1Q0F8;KSMBR1_2702 KSMBR1_2710
Q1Q0G0;KSMBR1_2688
Q1Q0G1;KSMBR1_2689
Q1Q0G2;KSMBR1_2690
Q1Q0G3;KSMBR1_2691
Q1Q0G5;KSMBR1_2693
Q1Q0G6;KSMBR1_2694
Q1Q0I9;KSMBR1_3617
Q1Q0J0;KSMBR1_3616
Q1Q0J1;KSMBR1_3615
Q1Q0K4;KSMBR1_3621
Q1Q0K6;KSMBR1_3636
Q1Q0K9;KSMBR1_3634
Q1Q0L0;KSMBR1_3633
Q1Q0L1;KSMBR1_3632
Q1Q0L2;KSMBR1_3631
Q1Q0L3;KSMBR1_3630
Q1Q0L4;KSMBR1_3629
Q1Q0M1;KSMBR1_3641
Q1Q0M5;KSMBR1_3637
Q1Q0P2;KSMBR1_0033
Q1Q0P4;KSMBR1_0021
Q1Q0Q6;KSMBR1_0016
Q1Q0R8;KSMBR1_0012
Q1Q0T0;KSMBR1_2715
Q1Q0T1;KSMBR1_2714
Q1Q0T5;KSMBR1_3600
Q1Q0T8;KSMBR1_3597
Q1Q0T9;KSMBR1_3596
Q1Q0U0;KSMBR1_2720
Q1Q0U1;KSMBR1_2719
Q1Q0U3;KSMBR1_2718
Q1Q0V5;KSMBR1_2723
Q1Q0V8;KSMBR1_2721
Q1Q0W9;KSMBR1_2748
Q1Q0X0;KSMBR1_2747
Q1Q0X1;KSMBR1_2746
Q1Q0Z5;KSMBR1_2765
Q1Q0Z6;KSMBR1_2764
Q1Q0Z7;KSMBR1_2763
Q1Q0Z8;KSMBR1_2762
Q1Q0Z9;KSMBR1_2761
Q1Q101;KSMBR1_2759
Q1Q113;KSMBR1_2766
Q1Q165;KSMBR1_2835
Q1Q171;KSMBR1_2829
Q1Q184;KSMBR1_1106
Q1Q187;KSMBR1_1107
Q1Q190;KSMBR1_1098
Q1Q191;KSMBR1_1099
Q1Q197;KSMBR1_1103
Q1Q1A0;KSMBR1_1090
Q1Q1A6;KSMBR1_1094
Q1Q1A7;KSMBR1_1095
Q1Q1B0;KSMBR1_1084
Q1Q1B7;KSMBR1_1088
Q1Q1C8;KSMBR1_1072
Q1Q1C9;KSMBR1_1073
Q1Q1D1;KSMBR1_1075
Q1Q1D3;KSMBR1_1056
Q1Q1D7;KSMBR1_1060
Q1Q1D8;KSMBR1_1061
Q1Q1E1;KSMBR1_1064
Q1Q1E2;KSMBR1_1065
Q1Q1F0;KSMBR1_1054
Q1Q1F1;KSMBR1_1055
Q1Q1G6;KSMBR1_1028
Q1Q1G8;KSMBR1_1015
Q1Q1H9;KSMBR1_1009
Q1Q1I0;KSMBR1_1011
Q1Q1I6;KSMBR1_1001
Q1Q1I7;KSMBR1_1002
Q1Q1I9;KSMBR1_1003
Q1Q1J7;KSMBR1_0998
Q1Q1J8;KSMBR1_0999
Q1Q1K2;KSMBR1_0984
Q1Q1K9;KSMBR1_0976
Q1Q1L2;KSMBR1_0978
Q1Q1L4;KSMBR1_0979
Q1Q1L5;KSMBR1_0980
Q1Q1M0;KSMBR1_0972
Q1Q1M5;KSMBR1_0974
Q1Q1N1;KSMBR1_0968
Q1Q1N2;KSMBR1_0969
Q1Q1N6;KSMBR1_0957
Q1Q1N7;KSMBR1_0958
Q1Q1N8;KSMBR1_0959
Q1Q1P2;KSMBR1_0963
Q1Q1P3;KSMBR1_0964
Q1Q1P4;KSMBR1_0941
Q1Q1Y7;KSMBR1_0858
Q1Q201;KSMBR1_0833
Q1Q221;KSMBR1_0822
Q1Q222;KSMBR1_0819
Q1Q223;KSMBR1_0820
Q1Q239;KSMBR1_0818
Q1Q242;KSMBR1_0807
Q1Q243;KSMBR1_0808
Q1Q251;KSMBR1_0799
Q1Q252;KSMBR1_0800
Q1Q260;KSMBR1_0790
Q1Q269;KSMBR1_0780
Q1Q270;KSMBR1_0781
Q1Q271;KSMBR1_0782
Q1Q276;KSMBR1_0787
Q1Q277;KSMBR1_0772
Q1Q278;KSMBR1_0773
Q1Q279;KSMBR1_0774
Q1Q284;KSMBR1_3077 KSMBR1_3698
Q1Q291;KSMBR1_0764
Q1Q294;KSMBR1_0770
Q1Q297;KSMBR1_0753
Q1Q298;KSMBR1_0754
Q1Q2A8;KSMBR1_0746
Q1Q2B2;KSMBR1_0750
Q1Q2B6;KSMBR1_0739
Q1Q2C4;KSMBR1_0730
Q1Q2C8;KSMBR1_0734
Q1Q2D2;KSMBR1_0722
Q1Q2E2;KSMBR1_0714
Q1Q2E4;KSMBR1_0716
Q1Q2E5;KSMBR1_0717
Q1Q2E8;KSMBR1_0718
Q1Q2E9;KSMBR1_0719
Q1Q2F0;KSMBR1_0705
Q1Q2F1;KSMBR1_0706
Q1Q2F2;KSMBR1_0707
Q1Q2F4;KSMBR1_0708
Q1Q2F5;KSMBR1_0709
Q1Q2F8;KSMBR1_0711
Q1Q2F9;KSMBR1_0712
Q1Q2G5;KSMBR1_0701
Q1Q2G9;KSMBR1_0704
Q1Q2H1;KSMBR1_0685
Q1Q2I6;KSMBR1_0682
Q1Q2I9;KSMBR1_0669
Q1Q2K0;KSMBR1_0665
Q1Q2L5;KSMBR1_0662
Q1Q2L7;KSMBR1_0646
Q1Q2L8;KSMBR1_0647
Q1Q2M1;KSMBR1_0650
Q1Q2M2;KSMBR1_0651
Q1Q2M3;KSMBR1_0652
Q1Q2M4;KSMBR1_0653
Q1Q2M6;KSMBR1_0640
Q1Q2M8;KSMBR1_0642
Q1Q2P1;KSMBR1_0636
Q1Q2P4;KSMBR1_0638
Q1Q2T0;KSMBR1_0618
Q1Q2T1;KSMBR1_0619
Q1Q2U5;KSMBR1_3453
Q1Q2V0;KSMBR1_0213
Q1Q2V4;KSMBR1_3462
Q1Q2W0;KSMBR1_3456
Q1Q2W2;KSMBR1_3463
Q1Q2W3;KSMBR1_3469
Q1Q2W8;KSMBR1_3466
Q1Q2W9;KSMBR1_3465
Q1Q2X1;KSMBR1_3477
Q1Q2Z2;KSMBR1_0081
Q1Q302;KSMBR1_0073
Q1Q303;KSMBR1_0074
Q1Q305;KSMBR1_0076
Q1Q307;KSMBR1_0077
Q1Q310;KSMBR1_0064
Q1Q313;KSMBR1_0065
Q1Q341;KSMBR1_3879
Q1Q342;KSMBR1_3880
Q1Q350;KSMBR1_3869
Q1Q351;KSMBR1_3870
Q1Q352;KSMBR1_3871
Q1Q353;KSMBR1_3872
Q1Q359;KSMBR1_3867
Q1Q365;KSMBR1_0209
Q1Q379;KSMBR1_0205
Q1Q3B2;KSMBR1_0169
Q1Q3C0;KSMBR1_0175
Q1Q3C3;KSMBR1_0161
Q1Q3C5;KSMBR1_0163
Q1Q3D2;KSMBR1_0155
Q1Q3D6;KSMBR1_0145
Q1Q3E0;KSMBR1_0149
Q1Q3E2;KSMBR1_0151
Q1Q3E3;KSMBR1_00152
Q1Q3E6;KSMBR1_0137
Q1Q3E8;KSMBR1_0139
Q1Q3E9;KSMBR1_0140
Q1Q3F2;KSMBR1_0143
Q1Q3F9;KSMBR1_0130
Q1Q3G0;KSMBR1_0131
Q1Q3H4;KSMBR1_0106
Q1Q3H5;KSMBR1_0107
Q1Q3H7;KSMBR1_0109
Q1Q3I1;KSMBR1_0113
Q1Q3I8;KSMBR1_0101
Q1Q3J1;KSMBR1_0104
Q1Q3J2;KSMBR1_0105
Q1Q3L0;KSMBR1_0093
Q1Q3L7;KSMBR1_3495
Q1Q3P0;KSMBR1_3511
Q1Q3P1;KSMBR1_3510
Q1Q3P2;KSMBR1_3509
Q1Q3P6;KSMBR1_3506
Q1Q3Q1;KSMBR1_3516
Q1Q3Q2;KSMBR1_3515
Q1Q3Q5;KSMBR1_3513
Q1Q3R1;KSMBR1_3521
Q1Q3R3;KSMBR1_3520
Q1Q3R4;KSMBR1_3519
Q1Q3R8;KSMBR1_3531
Q1Q3S0;KSMBR1_3529
Q1Q3S1;KSMBR1_3528
Q1Q3U0;KSMBR1_3439
Q1Q3U8;KSMBR1_3547
Q1Q3U9;KSMBR1_3546
Q1Q3V5;KSMBR1_3556
Q1Q3W0;KSMBR1_3553
Q1Q3W1;KSMBR1_3552
Q1Q3W4;KSMBR1_3564
Q1Q3W5;KSMBR1_3563
Q1Q3W7;KSMBR1_3561
Q1Q3W8;KSMBR1_3560
Q1Q3W9;KSMBR1_3559
Q1Q3X1;KSMBR1_3557
Q1Q3X3;KSMBR1_3570
Q1Q3X4;KSMBR1_3569
Q1Q3Y4;KSMBR1_3578
Q1Q3Y6;KSMBR1_3576
Q1Q3Y8;KSMBR1_3575
Q1Q3Z0;KSMBR1_3572
Q1Q3Z1;KSMBR1_3571
Q1Q403;KSMBR1_4089
Q1Q410;KSMBR1_3591
Q1Q413;KSMBR1_4076
Q1Q416;KSMBR1_4083
Q1Q418;KSMBR1_4085
Q1Q421;KSMBR1_4087
Q1Q422;KSMBR1_4067
Q1Q423;KSMBR1_4068
Q1Q424;KSMBR1_4069
Q1Q425;KSMBR1_4070
Q1Q434;KSMBR1_4059
Q1Q435;KSMBR1_4060
Q1Q437;KSMBR1_4062
Q1Q439;KSMBR1_4064
Q1Q441;KSMBR1_4048
Q1Q444;KSMBR1_4051
Q1Q446;KSMBR1_4053
Q1Q456;KSMBR1_4045
Q1Q458;KSMBR1_4047
Q1Q498;KSMBR1_0503
Q1Q4A2;KSMBR1_0507
Q1Q4B5;KSMBR1_0479
Q1Q4B6;KSMBR1_0480
Q1Q4B8;KSMBR1_0482
Q1Q4B9;KSMBR1_0483
Q1Q4D1;KSMBR1_0477
Q1Q4D8;KSMBR1_0467
Q1Q4E0;KSMBR1_0469
Q1Q4E2;KSMBR1_0457
Q1Q4E3;KSMBR1_0458
Q1Q4E4;KSMBR1_0459
Q1Q4F0;KSMBR1_0462
Q1Q4F6;KSMBR1_0453
Q1Q4F8;KSMBR1_0454
Q1Q4G0;KSMBR1_0455
Q1Q4G3;KSMBR1_0443
Q1Q4G9;KSMBR1_0446
Q1Q4I5;KSMBR1_0425
Q1Q4I7;KSMBR1_0427
Q1Q4I8;KSMBR1_0428
Q1Q4J9;KSMBR1_0420
Q1Q4K1;KSMBR1_0410
Q1Q4K7;KSMBR1_0414
Q1Q4L1;KSMBR1_0402
Q1Q4L2;KSMBR1_0403
Q1Q4L6;KSMBR1_0407
Q1Q4L7;KSMBR1_0408
Q1Q4N9;KSMBR1_0381
Q1Q4P0;KSMBR1_0382
Q1Q4Q3;KSMBR1_0377
Q1Q4Q6;KSMBR1_0378
Q1Q4Q7;KSMBR1_0379
Q1Q4R4;KSMBR1_0372
Q1Q4R9;KSMBR1_0358
Q1Q4S1;KSMBR1_0360
Q1Q4S2;KSMBR1_0361
Q1Q4S6;KSMBR1_0347
Q1Q4T2;KSMBR1_0352
Q1Q4T4;KSMBR1_0354
Q1Q4U2;KSMBR1_0344
Q1Q4U6;KSMBR1_0333
Q1Q4V4;KSMBR1_0341
Q1Q4V7;KSMBR1_0326
Q1Q4W1;KSMBR1_0329
Q1Q4W2;KSMBR1_0330
Q1Q4X1;KSMBR1_0319
Q1Q4X4;KSMBR1_0323
Q1Q4Y4;KSMBR1_0304
Q1Q4Y7;KSMBR1_0306
Q1Q4Y9;KSMBR1_0307
Q1Q4Z8;KSMBR1_0299
Q1Q501;KSMBR1_0302
Q1Q513;KSMBR1_0264
Q1Q515;KSMBR1_0266
Q1Q516;KSMBR1_0267
Q1Q524;KSMBR1_0257
Q1Q526;KSMBR1_0259
Q1Q533;KSMBR1_0248
Q1Q539;KSMBR1_0254
Q1Q540;KSMBR1_0255
Q1Q542;KSMBR1_0256
Q1Q5F4;KSMBR1_3861
Q1Q5H1;KSMBR1_3844
Q1Q5I2;KSMBR1_3838
Q1Q5J0;KSMBR1_3831
Q1Q5J1;KSMBR1_3832
Q1Q5J3;KSMBR1_3833
Q1Q5J6;KSMBR1_3834
Q1Q5K0;KSMBR1_3822
Q1Q5K1;KSMBR1_3817 KSMBR1_3823
Q1Q5K4;KSMBR1_3826
Q1Q5K7;KSMBR1_3829
Q1Q5L0;KSMBR1_3818
Q1Q5L3;KSMBR1_3820
Q1Q5M3;KSMBR1_3812
Q1Q5M4;KSMBR1_3813
Q1Q5M5;KSMBR1_3814
Q1Q5M6;KSMBR1_3815
Q1Q5M7;KSMBR1_3816
Q1Q5N8;KSMBR1_3793
Q1Q5P1;KSMBR1_3796
Q1Q5P4;KSMBR1_3799
Q1Q5P6;KSMBR1_3801
Q1Q5Q5;KSMBR1_3789
Q1Q5R6;KSMBR1_3768
Q1Q5R7;KSMBR1_3769
Q1Q5S4;KSMBR1_3776
Q1Q5T1;KSMBR1_3766
Q1Q5U2;KSMBR1_3761
Q1Q5U3;KSMBR1_3762
Q1Q5U7;KSMBR1_3749
Q1Q5U9;KSMBR1_3751
Q1Q5V2;KSMBR1_3754
Q1Q5V3;KSMBR1_3755
Q1Q5V8;KSMBR1_3744
Q1Q5X1;KSMBR1_3741
Q1Q5X8;KSMBR1_3737
Q1Q5Y6;KSMBR1_3730
Q1Q5Z0;KSMBR1_3253
Q1Q5Z5;KSMBR1_3260
Q1Q609;KSMBR1_3265
Q1Q610;KSMBR1_3264
Q1Q617;KSMBR1_3271
Q1Q618;KSMBR1_3270
Q1Q624;KSMBR1_3282
Q1Q634;KSMBR1_3287
Q1Q637;KSMBR1_3285
Q1Q650;KSMBR1_3303
Q1Q651;KSMBR1_3302
Q1Q657;KSMBR1_3298
Q1Q662;KSMBR1_3310
Q1Q666;KSMBR1_3306
Q1Q674;KSMBR1_3312
Q1Q678;KSMBR1_3322
Q1Q679;KSMBR1_3321
Q1Q680;KSMBR1_3320
Q1Q682;KSMBR1_3318
Q1Q684;KSMBR1_3316
Q1Q687;KSMBR1_3329
Q1Q691;KSMBR1_3325
Q1Q6A1;KSMBR1_3330
Q1Q6A9;KSMBR1_3340
Q1Q6B0;KSMBR1_3339
Q1Q6D4;KSMBR1_3371
Q1Q6D5;KSMBR1_3370
Q1Q6D6;KSMBR1_3369
Q1Q6D7;KSMBR1_3368
Q1Q6D9;KSMBR1_3366
Q1Q6E0;KSMBR1_3365
Q1Q6E3;KSMBR1_3377
Q1Q6E6;KSMBR1_3375
Q1Q6E7;KSMBR1_3374
Q1Q6F1;KSMBR1_3372
Q1Q6F7;KSMBR1_3379
Q1Q6G1;KSMBR1_3391
Q1Q6H2;KSMBR1_3395
Q1Q6H7;KSMBR1_3394
Q1Q6H9;KSMBR1_3392
Q1Q6I1;KSMBR1_3400
Q1Q6I5;KSMBR1_3398
Q1Q6K6;KSMBR1_3432
Q1Q6L1;KSMBR1_3428
Q1Q6L8;KSMBR1_3440
Q1Q6M0;KSMBR1_3438
Q1Q6M1;KSMBR1_3437
Q1Q6M2;KSMBR1_3436
Q1Q6M3;KSMBR1_3435
Q1Q6M4;KSMBR1_3434
Q1Q6M5;KSMBR1_3433
Q1Q6M9;KSMBR1_3448
Q1Q6N0;KSMBR1_3447
Q1Q6N1;KSMBR1_3446
Q1Q6N2;KSMBR1_3445
Q1Q6N3;KSMBR1_3444
Q1Q6P7;KSMBR1_0597
Q1Q6R6;KSMBR1_0582
Q1Q6R9;KSMBR1_0585
Q1Q700;KSMBR1_4032
Q1Q720;KSMBR1_4020
Q1Q721;KSMBR1_4021
Q1Q722;KSMBR1_4022
Q1Q723;KSMBR1_4023
Q1Q724;KSMBR1_4024
Q1Q727;KSMBR1_4006
Q1Q728;KSMBR1_3701 KSMBR1_4007
Q1Q729;KSMBR1_4008
Q1Q730;KSMBR1_4009
Q1Q740;KSMBR1_4000
Q1Q741;KSMBR1_4002
Q1Q743;KSMBR1_4003
Q1Q746;KSMBR1_3994
Q1Q752;KSMBR1_0043 KSMBR1_0049 KSMBR1_0086 KSMBR1_0488 KSMBR1_0695 KSMBR1_1116 KSMBR1_1562 KSMBR1_2134 KSMBR1_2677 KSMBR1_3100 KSMBR1_3112 KSMBR1_3611 KSMBR1_3657 KSMBR1_3681 KSMBR1_3855 KSMBR1_3892
Q1Q761;KSMBR1_3991
Q1Q763;KSMBR1_3975
Q1Q776;KSMBR1_3965
Q1Q782;KSMBR1_3973
Q1Q790;KSMBR1_3959
Q1Q791;KSMBR1_3960
Q1Q7A3;KSMBR1_3942
Q1Q7A9;KSMBR1_3946
Q1Q7B4;KSMBR1_3937
Q1Q7C0;KSMBR1_3924
Q1Q7C1;KSMBR1_3925
Q1Q7C2;KSMBR1_3926
Q1Q7C7;KSMBR1_3931
Q1Q7D4;KSMBR1_3913
Q1Q7E0;KSMBR1_3910
Q1Q7F1;KSMBR1_3006
Q1Q7G2;KSMBR1_3017
Q1Q7G4;KSMBR1_3015
Q1Q7G7;KSMBR1_3012
Q1Q7J2;KSMBR1_3039
Q1Q7J3;KSMBR1_3038
Q1Q7J4;KSMBR1_3037
Q1Q7J5;KSMBR1_3036
Q1Q7J7;KSMBR1_3054
Q1Q7M0;KSMBR1_3068
Q1Q7M9;KSMBR1_3079
Q1Q7N9;KSMBR1_3087
Q1Q7P0;KSMBR1_3086
Q1Q7P1;KSMBR1_3085
Q1Q7P3;KSMBR1_3083
Q1Q7P4;KSMBR1_3082
Q1Q7P5;KSMBR1_3103
Q1Q7Q0;KSMBR1_3090
Q1Q7Q5;KSMBR1_3107
Q1Q7Q7;KSMBR1_3106